event_uuid,relationship_to_event,award_uuid,award_name,entity_uuid,created_at,updated_at
0095a82e-5aa6-ba12-ac36-a38452448541,award,4ac676db-41b5-1f2d-db13-ee799ce8b3df,"Table at TechCrunch Disrupt , UploadVR Best in Show & 25k On Stage Investment by BoostVC",2508f5db-e8da-8242-6f28-69ee3d02f94c,2015-06-23 06:38:54,2015-06-23 06:38:55
0d23d975-e1c8-29f4-4fd3-0f23874d8aeb,award,a37a53fe-4987-9b69-a66a-e544f6552142,Startup Battlefield: Disrupt Cup,052a77f7-2839-3dbd-3960-70090fc7a42c,2016-09-13 21:55:55.274399,2016-09-13 21:55:55.274063
0d23d975-e1c8-29f4-4fd3-0f23874d8aeb,award,a37a53fe-4987-9b69-a66a-e544f6552142,Startup Battlefield: Disrupt Cup,156c5121-26b7-bf07-5fce-5a615a6d3e41,2016-09-13 21:55:55.274399,2016-09-13 21:55:55.274063
0d23d975-e1c8-29f4-4fd3-0f23874d8aeb,award,a37a53fe-4987-9b69-a66a-e544f6552142,Startup Battlefield: Disrupt Cup,208bb1b5-98e8-71b9-1ec4-e66e53fd67f9,2016-09-13 21:55:55.274399,2016-09-13 21:55:55.274063
0d23d975-e1c8-29f4-4fd3-0f23874d8aeb,award,a37a53fe-4987-9b69-a66a-e544f6552142,Startup Battlefield: Disrupt Cup,374d9e83-fb6b-f6d0-51eb-fdcd3b06e4f0,2016-09-13 21:55:55.274399,2016-09-13 21:55:55.274063
0d23d975-e1c8-29f4-4fd3-0f23874d8aeb,award,a37a53fe-4987-9b69-a66a-e544f6552142,Startup Battlefield: Disrupt Cup,3a558fc8-d7e9-4d80-0b3d-d7bd86c03da0,2016-09-13 21:55:55.274399,2016-09-13 21:55:55.274063
0d23d975-e1c8-29f4-4fd3-0f23874d8aeb,award,a37a53fe-4987-9b69-a66a-e544f6552142,Startup Battlefield: Disrupt Cup,4bb11f21-1987-b27b-0a46-b4eeb88d6fc8,2016-09-13 21:55:55.274399,2016-09-13 21:55:55.274063
0d23d975-e1c8-29f4-4fd3-0f23874d8aeb,award,a37a53fe-4987-9b69-a66a-e544f6552142,Startup Battlefield: Disrupt Cup,54f44c29-cb14-fb04-df62-6fbd3c499a50,2016-09-13 21:55:55.274399,2016-09-13 21:55:55.274063
0d23d975-e1c8-29f4-4fd3-0f23874d8aeb,award,a37a53fe-4987-9b69-a66a-e544f6552142,Startup Battlefield: Disrupt Cup,6f5b87ca-bea8-9d31-b9d9-faf38f81b3b4,2016-09-13 21:55:55.274399,2016-09-13 21:55:55.274063
0d23d975-e1c8-29f4-4fd3-0f23874d8aeb,award,a37a53fe-4987-9b69-a66a-e544f6552142,Startup Battlefield: Disrupt Cup,7260b0ec-fe56-7920-03e2-53474abb275c,2016-09-13 21:55:55.274399,2016-09-13 21:55:55.274063
0d23d975-e1c8-29f4-4fd3-0f23874d8aeb,award,a37a53fe-4987-9b69-a66a-e544f6552142,Startup Battlefield: Disrupt Cup,76cd72e6-4610-4d0e-71a2-6f349a4c2e24,2016-09-13 21:55:55.274399,2016-09-13 21:55:55.274063
0d23d975-e1c8-29f4-4fd3-0f23874d8aeb,award,a37a53fe-4987-9b69-a66a-e544f6552142,Startup Battlefield: Disrupt Cup,78e1385e-c44e-faad-a395-24560cd9bab7,2016-09-13 21:55:55.274399,2016-09-13 21:55:55.274063
0d23d975-e1c8-29f4-4fd3-0f23874d8aeb,award,a37a53fe-4987-9b69-a66a-e544f6552142,Startup Battlefield: Disrupt Cup,7cf05910-1a9e-9673-d1db-4fb016aa6911,2016-09-13 21:55:55.274399,2016-09-13 21:55:55.274063
0d23d975-e1c8-29f4-4fd3-0f23874d8aeb,award,a37a53fe-4987-9b69-a66a-e544f6552142,Startup Battlefield: Disrupt Cup,88b67860-7442-5ac9-6854-3b46c387d53b,2016-09-13 21:55:55.274399,2016-09-13 21:55:55.274063
0d23d975-e1c8-29f4-4fd3-0f23874d8aeb,award,a37a53fe-4987-9b69-a66a-e544f6552142,Startup Battlefield: Disrupt Cup,99597857-82d9-dba3-1bb9-adeda0f3c2fd,2016-09-13 21:55:55.274399,2016-09-13 21:55:55.274063
0d23d975-e1c8-29f4-4fd3-0f23874d8aeb,award,a37a53fe-4987-9b69-a66a-e544f6552142,Startup Battlefield: Disrupt Cup,b88a1e65-b58d-d580-aa27-fa05b5a5c678,2016-09-13 21:55:55.274399,2016-09-13 21:55:55.274063
0d23d975-e1c8-29f4-4fd3-0f23874d8aeb,award,a37a53fe-4987-9b69-a66a-e544f6552142,Startup Battlefield: Disrupt Cup,b9d713d0-188e-0469-0fc7-e0d157d30552,2016-09-13 21:55:55.274399,2016-09-13 21:55:55.274063
0d23d975-e1c8-29f4-4fd3-0f23874d8aeb,award,a37a53fe-4987-9b69-a66a-e544f6552142,Startup Battlefield: Disrupt Cup,c0cd6d82-a7c4-4a64-6a90-05150d5cd25f,2016-09-13 21:55:55.274399,2016-09-13 21:55:55.274063
0d23d975-e1c8-29f4-4fd3-0f23874d8aeb,award,a37a53fe-4987-9b69-a66a-e544f6552142,Startup Battlefield: Disrupt Cup,c1c26f11-f889-e769-f2ef-bcefe2e80a41,2016-09-13 21:55:55.274399,2016-09-13 21:55:55.274063
0d23d975-e1c8-29f4-4fd3-0f23874d8aeb,award,a37a53fe-4987-9b69-a66a-e544f6552142,Startup Battlefield: Disrupt Cup,cc7c79cf-2f5c-8ff6-3e3d-4e4bf7349f52,2016-09-13 21:55:55.274399,2016-09-13 21:55:55.274063
0d23d975-e1c8-29f4-4fd3-0f23874d8aeb,award,a37a53fe-4987-9b69-a66a-e544f6552142,Startup Battlefield: Disrupt Cup,cf6bf15f-b842-6cdc-e345-016f7e95dd05,2016-09-13 21:55:55.274399,2016-09-13 21:55:55.274063
0d23d975-e1c8-29f4-4fd3-0f23874d8aeb,award,a37a53fe-4987-9b69-a66a-e544f6552142,Startup Battlefield: Disrupt Cup,d722a2f3-f807-3d5d-94b7-1a83fff63088,2016-09-13 21:55:55.274399,2016-09-13 21:55:55.274063
0d23d975-e1c8-29f4-4fd3-0f23874d8aeb,award,a37a53fe-4987-9b69-a66a-e544f6552142,Startup Battlefield: Disrupt Cup,e1ef2c36-8b55-5a25-8d62-e0e54aab16ed,2016-09-13 21:55:55.274399,2016-09-13 21:55:55.274063
0d23d975-e1c8-29f4-4fd3-0f23874d8aeb,award,a37a53fe-4987-9b69-a66a-e544f6552142,Startup Battlefield: Disrupt Cup,e385bfc6-7e8e-ac49-1b6c-428ae2c36798,2016-09-13 21:55:55.274399,2016-09-13 21:55:55.274063
0d23d975-e1c8-29f4-4fd3-0f23874d8aeb,award,a37a53fe-4987-9b69-a66a-e544f6552142,Startup Battlefield: Disrupt Cup,e88cd8dc-fd24-c8a4-4295-8db3ad17af92,2016-09-13 21:55:55.274399,2016-09-13 21:55:55.274063
0d23d975-e1c8-29f4-4fd3-0f23874d8aeb,award,a37a53fe-4987-9b69-a66a-e544f6552142,Startup Battlefield: Disrupt Cup,eed2037e-ba00-d718-71de-80d632b8e626,2016-09-13 21:55:55.274399,2016-09-13 21:55:55.274063
0e633594-d292-ac3f-8e57-c61827452d5a,award,c250ed90-cc05-3c83-181f-074197027e4e,Startup PITCH Competition,e76e9e81-7340-a05b-041b-581a2f448e17,2016-07-11 09:59:33.091059,2016-07-11 09:59:33.090611
0f8250ec-ffa8-b4e3-db86-b645bd417a20,award,b18baa2a-6d58-103f-1074-bcfe72e43027,Atlanta Pitchoff,25c80d82-f09e-0133-c0ef-3c3ac649c297,2015-02-25 19:10:27,2015-02-25 19:10:29
0f8250ec-ffa8-b4e3-db86-b645bd417a20,award,b18baa2a-6d58-103f-1074-bcfe72e43027,Atlanta Pitchoff,5a4d5945-fb1f-c928-3639-d14a34fb33df,2015-02-25 19:10:27,2015-02-25 19:10:29
0f8250ec-ffa8-b4e3-db86-b645bd417a20,award,b18baa2a-6d58-103f-1074-bcfe72e43027,Atlanta Pitchoff,8ccc5dbc-929c-bafc-e8e2-4dd95c53007a,2015-02-25 19:10:27,2015-02-25 19:10:29
0f8250ec-ffa8-b4e3-db86-b645bd417a20,award,b18baa2a-6d58-103f-1074-bcfe72e43027,Atlanta Pitchoff,92121021-d394-06c9-8bab-018ff9b12d30,2015-02-25 19:10:27,2015-02-25 19:10:29
0f8250ec-ffa8-b4e3-db86-b645bd417a20,award,b18baa2a-6d58-103f-1074-bcfe72e43027,Atlanta Pitchoff,ad7b9c11-dbe0-5089-ee66-1f9994648bed,2015-02-25 19:10:27,2015-02-25 19:10:29
0f8250ec-ffa8-b4e3-db86-b645bd417a20,award,b18baa2a-6d58-103f-1074-bcfe72e43027,Atlanta Pitchoff,bd5f4503-24a1-fb25-3dde-507d3044efa6,2015-02-25 19:10:27,2015-02-25 19:10:29
0f8250ec-ffa8-b4e3-db86-b645bd417a20,award,b18baa2a-6d58-103f-1074-bcfe72e43027,Atlanta Pitchoff,e3652291-813d-86ec-a8f7-b0172c7b1d8d,2015-02-25 19:10:27,2015-02-25 19:10:29
0f8250ec-ffa8-b4e3-db86-b645bd417a20,award,b18baa2a-6d58-103f-1074-bcfe72e43027,Atlanta Pitchoff,e5418a93-43aa-0e29-4e75-473975560c3f,2015-02-25 19:10:27,2015-02-25 19:10:29
0f8250ec-ffa8-b4e3-db86-b645bd417a20,award,b18baa2a-6d58-103f-1074-bcfe72e43027,Atlanta Pitchoff,fe918e5e-99d8-e46d-02e4-92545c987fd9,2015-02-25 19:10:27,2015-02-25 19:10:29
1bb73e84-d0f6-1b47-7bcc-4c84a6f4ec3e,award,1d621944-b1bf-a90d-3a57-1fdb501b97d6,Disrupt New York 2016 Startup Battlefield,7c7df8a6-5d6c-4940-4578-0e8735ff4a56,2016-05-12 18:11:10.365262,2016-05-12 18:11:10.364762
1bb73e84-d0f6-1b47-7bcc-4c84a6f4ec3e,award,1d621944-b1bf-a90d-3a57-1fdb501b97d6,Disrupt New York 2016 Startup Battlefield,d319be0c-1b6a-a685-ef1e-ac79d04605ce,2016-05-12 18:11:10.365262,2016-05-12 18:11:10.364762
1dfcdd98-45b9-94b3-fa36-63dededd7295,award,21fd8efa-fcc8-6e6f-fa8e-4bcf96788ff1,The Future Stadium,04a3bf28-2301-bfc0-f333-2dddef16db76,2016-02-08 18:53:52.18228,2016-02-08 18:53:52.18198
1dfcdd98-45b9-94b3-fa36-63dededd7295,award,21fd8efa-fcc8-6e6f-fa8e-4bcf96788ff1,The Future Stadium,1b9ce727-c784-186e-3dd2-92fa78236ef4,2016-02-08 18:53:52.18228,2016-02-08 18:53:52.18198
1dfcdd98-45b9-94b3-fa36-63dededd7295,award,21fd8efa-fcc8-6e6f-fa8e-4bcf96788ff1,The Future Stadium,93b5eefd-9c75-6cf5-f449-3ec99ad91de6,2016-02-08 18:53:52.18228,2016-02-08 18:53:52.18198
1dfcdd98-45b9-94b3-fa36-63dededd7295,award,21fd8efa-fcc8-6e6f-fa8e-4bcf96788ff1,The Future Stadium,b62feb13-991c-2ae7-8faa-0b96d9a69ec6,2016-02-08 18:53:52.18228,2016-02-08 18:53:52.18198
1dfcdd98-45b9-94b3-fa36-63dededd7295,award,45338455-fdbe-cde3-a6b1-46719e54d723,Tomorrow's Athlete,64f24c3d-10dc-0bde-9042-e6d0291f609b,2016-02-08 18:58:48.578499,2016-02-08 18:58:48.578201
1dfcdd98-45b9-94b3-fa36-63dededd7295,award,45338455-fdbe-cde3-a6b1-46719e54d723,Tomorrow's Athlete,8f6555d9-8654-3ec4-6835-4518f8f7e763,2016-02-08 18:58:48.578499,2016-02-08 18:58:48.578201
1dfcdd98-45b9-94b3-fa36-63dededd7295,award,45338455-fdbe-cde3-a6b1-46719e54d723,Tomorrow's Athlete,982ccb90-da55-1f03-6ce9-6ffbed024ebe,2016-02-08 18:58:48.578499,2016-02-08 18:58:48.578201
1dfcdd98-45b9-94b3-fa36-63dededd7295,award,45338455-fdbe-cde3-a6b1-46719e54d723,Tomorrow's Athlete,dba24b6e-96a4-2ce4-3eaf-4eb39ba6a6d1,2016-02-08 18:58:48.578499,2016-02-08 18:58:48.578201
1dfcdd98-45b9-94b3-fa36-63dededd7295,award,9373417a-b0e8-19cd-8f7a-7346135a70c3,Bringing Home the Game,06ab3946-ff8c-47c2-6bbb-acfa4451e945,2016-02-08 18:56:33.499102,2016-02-08 18:56:33.498622
1dfcdd98-45b9-94b3-fa36-63dededd7295,award,9373417a-b0e8-19cd-8f7a-7346135a70c3,Bringing Home the Game,c52a8aa2-c37e-ce37-cd63-a38e9ea915d7,2016-02-08 18:56:33.499102,2016-02-08 18:56:33.498622
1dfcdd98-45b9-94b3-fa36-63dededd7295,award,9373417a-b0e8-19cd-8f7a-7346135a70c3,Bringing Home the Game,cce688f8-5248-464e-1407-8e28e855f33e,2016-02-08 18:56:33.499102,2016-02-08 18:56:33.498622
1dfcdd98-45b9-94b3-fa36-63dededd7295,award,9373417a-b0e8-19cd-8f7a-7346135a70c3,Bringing Home the Game,d14e3e0f-a1bb-d079-24e5-4dd5fc9080e9,2016-02-08 18:56:33.499102,2016-02-08 18:56:33.498622
210f9cb1-f5a3-f4e9-b997-7ebe09ee5700,award,0667f7a6-26b5-781b-a760-fa944d9f77ef,SPIFFY AWARD: The Ground Breaker Award for Engineering Excellence,08850f6a-2976-ec06-7ed7-fd39162decf5,2015-03-04 20:35:49,2015-03-04 20:35:49
210f9cb1-f5a3-f4e9-b997-7ebe09ee5700,award,0667f7a6-26b5-781b-a760-fa944d9f77ef,SPIFFY AWARD: The Ground Breaker Award for Engineering Excellence,1dc1199a-ebc0-f3dd-5d3e-a2ce9732be0b,2015-03-04 20:35:49,2015-03-04 20:35:49
210f9cb1-f5a3-f4e9-b997-7ebe09ee5700,award,0667f7a6-26b5-781b-a760-fa944d9f77ef,SPIFFY AWARD: The Ground Breaker Award for Engineering Excellence,35bda50a-507a-1798-54c3-d55ade0b53b8,2015-03-04 20:35:49,2015-03-04 20:35:49
210f9cb1-f5a3-f4e9-b997-7ebe09ee5700,award,0667f7a6-26b5-781b-a760-fa944d9f77ef,SPIFFY AWARD: The Ground Breaker Award for Engineering Excellence,85b133d8-d033-e982-5fdb-599ca59fabf0,2015-03-04 20:35:49,2015-03-04 20:35:49
210f9cb1-f5a3-f4e9-b997-7ebe09ee5700,award,0667f7a6-26b5-781b-a760-fa944d9f77ef,SPIFFY AWARD: The Ground Breaker Award for Engineering Excellence,aa5848ef-a4d2-ae23-5b1b-c196ceeaf5a8,2015-03-04 20:35:49,2015-03-04 20:35:49
210f9cb1-f5a3-f4e9-b997-7ebe09ee5700,award,0667f7a6-26b5-781b-a760-fa944d9f77ef,SPIFFY AWARD: The Ground Breaker Award for Engineering Excellence,b0b58fd7-2c5f-8950-92e7-cecf9a8aab10,2015-03-04 20:35:49,2015-03-04 20:35:49
210f9cb1-f5a3-f4e9-b997-7ebe09ee5700,award,0c827342-75bd-f6b8-5bec-6b16503e453b,SPIFFY AWARD: The Edison Award for Most Innovative Start-Up,01d19a1f-0bac-555f-2c0e-59ff608e0e9a,2015-03-04 20:34:57,2015-03-04 20:34:58
210f9cb1-f5a3-f4e9-b997-7ebe09ee5700,award,0c827342-75bd-f6b8-5bec-6b16503e453b,SPIFFY AWARD: The Edison Award for Most Innovative Start-Up,4c47a7ba-410f-5bad-4df8-df6724e67ec5,2015-03-04 20:34:57,2015-03-04 20:34:58
210f9cb1-f5a3-f4e9-b997-7ebe09ee5700,award,0c827342-75bd-f6b8-5bec-6b16503e453b,SPIFFY AWARD: The Edison Award for Most Innovative Start-Up,57fdb6f3-7ce5-578f-63a4-6e121bb29628,2015-03-04 20:34:57,2015-03-04 20:34:58
210f9cb1-f5a3-f4e9-b997-7ebe09ee5700,award,0c827342-75bd-f6b8-5bec-6b16503e453b,SPIFFY AWARD: The Edison Award for Most Innovative Start-Up,780eda0d-dfbd-05c5-319e-8a532680259e,2015-03-04 20:34:57,2015-03-04 20:34:58
210f9cb1-f5a3-f4e9-b997-7ebe09ee5700,award,0c827342-75bd-f6b8-5bec-6b16503e453b,SPIFFY AWARD: The Edison Award for Most Innovative Start-Up,ad6b3411-f323-e8f7-e1bb-bc3e4cc57186,2015-03-04 20:34:57,2015-03-04 20:34:58
210f9cb1-f5a3-f4e9-b997-7ebe09ee5700,award,0c827342-75bd-f6b8-5bec-6b16503e453b,SPIFFY AWARD: The Edison Award for Most Innovative Start-Up,b2d0d6b4-e519-165d-7f98-ffad3ea18e11,2015-03-04 20:34:57,2015-03-04 20:34:58
210f9cb1-f5a3-f4e9-b997-7ebe09ee5700,award,521c3110-e626-b855-8e63-30d502621edd,SPIFFY AWARD: The Prodigy Award for the Most Successful SPiF Alumni,0a949d90-873c-ed8e-1607-437bccfea831,2015-03-04 20:38:19,2015-03-04 20:38:20
210f9cb1-f5a3-f4e9-b997-7ebe09ee5700,award,521c3110-e626-b855-8e63-30d502621edd,SPIFFY AWARD: The Prodigy Award for the Most Successful SPiF Alumni,2c2c24aa-0ba6-3ec8-77e8-810052cbcb29,2015-03-04 20:38:19,2015-03-04 20:38:20
210f9cb1-f5a3-f4e9-b997-7ebe09ee5700,award,521c3110-e626-b855-8e63-30d502621edd,SPIFFY AWARD: The Prodigy Award for the Most Successful SPiF Alumni,82239a16-0b2e-6d21-6ae0-1e1f8b219955,2015-03-04 20:38:19,2015-03-04 20:38:20
210f9cb1-f5a3-f4e9-b997-7ebe09ee5700,award,521c3110-e626-b855-8e63-30d502621edd,SPIFFY AWARD: The Prodigy Award for the Most Successful SPiF Alumni,a07ecf14-3814-20da-cee3-2fcc32eef25c,2015-03-04 20:38:19,2015-03-04 20:38:20
210f9cb1-f5a3-f4e9-b997-7ebe09ee5700,award,521c3110-e626-b855-8e63-30d502621edd,SPIFFY AWARD: The Prodigy Award for the Most Successful SPiF Alumni,ba0e5e98-84bc-8961-8a97-a6b062f3e56b,2015-03-04 20:38:19,2015-03-04 20:38:20
210f9cb1-f5a3-f4e9-b997-7ebe09ee5700,award,52b58741-388a-9d68-2d55-84ec7f1ab1e4,SPIFFY AWARD: The San Andreas Award for Most Disruptive Technology,1ef90e04-32f7-51b6-4a02-1c6a8f603ea5,2015-03-04 20:37:19,2015-03-04 20:37:20
210f9cb1-f5a3-f4e9-b997-7ebe09ee5700,award,52b58741-388a-9d68-2d55-84ec7f1ab1e4,SPIFFY AWARD: The San Andreas Award for Most Disruptive Technology,5de9e3db-73a1-51b9-ff83-378d85bf0301,2015-03-04 20:37:19,2015-03-04 20:37:20
210f9cb1-f5a3-f4e9-b997-7ebe09ee5700,award,52b58741-388a-9d68-2d55-84ec7f1ab1e4,SPIFFY AWARD: The San Andreas Award for Most Disruptive Technology,6d6303eb-1b0a-1661-6a1b-25c99ee9f517,2015-03-04 20:37:19,2015-03-04 20:37:20
210f9cb1-f5a3-f4e9-b997-7ebe09ee5700,award,52b58741-388a-9d68-2d55-84ec7f1ab1e4,SPIFFY AWARD: The San Andreas Award for Most Disruptive Technology,7fcba890-358d-34d0-8e1a-74297a3d4096,2015-03-04 20:37:19,2015-03-04 20:37:20
210f9cb1-f5a3-f4e9-b997-7ebe09ee5700,award,52b58741-388a-9d68-2d55-84ec7f1ab1e4,SPIFFY AWARD: The San Andreas Award for Most Disruptive Technology,87185d47-39a5-80a1-56ef-a8cfbd837367,2015-03-04 20:37:19,2015-03-04 20:37:20
210f9cb1-f5a3-f4e9-b997-7ebe09ee5700,award,52b58741-388a-9d68-2d55-84ec7f1ab1e4,SPIFFY AWARD: The San Andreas Award for Most Disruptive Technology,e0476bf6-0c40-f8a2-0a0f-cfd966e8f6a7,2015-03-04 20:37:19,2015-03-04 20:37:20
210f9cb1-f5a3-f4e9-b997-7ebe09ee5700,award,5d2a8326-b9dd-5636-5862-6b51b31fb148,SPIFFY AWARD: The Graham Bell Award for Best Communication Solutions,006685e2-fb79-1473-7ce9-9828995c53a2,2015-03-04 20:36:34,2015-03-04 20:36:34
210f9cb1-f5a3-f4e9-b997-7ebe09ee5700,award,5d2a8326-b9dd-5636-5862-6b51b31fb148,SPIFFY AWARD: The Graham Bell Award for Best Communication Solutions,61599478-2a3d-6e90-663b-766127e06ec7,2015-03-04 20:36:34,2015-03-04 20:36:34
210f9cb1-f5a3-f4e9-b997-7ebe09ee5700,award,5d2a8326-b9dd-5636-5862-6b51b31fb148,SPIFFY AWARD: The Graham Bell Award for Best Communication Solutions,7156f61e-43f7-ba35-83fe-d7fdc0eb9104,2015-03-04 20:36:34,2015-03-04 20:36:34
210f9cb1-f5a3-f4e9-b997-7ebe09ee5700,award,5d2a8326-b9dd-5636-5862-6b51b31fb148,SPIFFY AWARD: The Graham Bell Award for Best Communication Solutions,74cad95f-79c1-9200-16cc-56292d6e2c8f,2015-03-04 20:36:34,2015-03-04 20:36:34
210f9cb1-f5a3-f4e9-b997-7ebe09ee5700,award,5d2a8326-b9dd-5636-5862-6b51b31fb148,SPIFFY AWARD: The Graham Bell Award for Best Communication Solutions,d151e6fc-8b11-c4f2-a681-134d09a728ea,2015-03-04 20:36:34,2015-03-04 20:36:34
210f9cb1-f5a3-f4e9-b997-7ebe09ee5700,award,5d2a8326-b9dd-5636-5862-6b51b31fb148,SPIFFY AWARD: The Graham Bell Award for Best Communication Solutions,d6061fb9-7f76-1c3d-d928-31e9dfe57527,2015-03-04 20:36:34,2015-03-04 20:36:34
210f9cb1-f5a3-f4e9-b997-7ebe09ee5700,award,9d185a5a-46ae-6fad-a791-fd7a9ccf4188,SPIFFY AWARD: The Zephyr Award for Best Mobile Opportunity,1cac1964-f9d7-83e3-a950-4b051ed8449a,2015-03-04 20:38:02,2015-03-04 20:38:03
210f9cb1-f5a3-f4e9-b997-7ebe09ee5700,award,9d185a5a-46ae-6fad-a791-fd7a9ccf4188,SPIFFY AWARD: The Zephyr Award for Best Mobile Opportunity,33ec7f4f-9a7c-78ef-4eea-09e703d971bc,2015-03-04 20:38:02,2015-03-04 20:38:03
210f9cb1-f5a3-f4e9-b997-7ebe09ee5700,award,9d185a5a-46ae-6fad-a791-fd7a9ccf4188,SPIFFY AWARD: The Zephyr Award for Best Mobile Opportunity,4f2b46e3-61e6-bc2d-5345-14eca1850812,2015-03-04 20:38:02,2015-03-04 20:38:03
210f9cb1-f5a3-f4e9-b997-7ebe09ee5700,award,9d185a5a-46ae-6fad-a791-fd7a9ccf4188,SPIFFY AWARD: The Zephyr Award for Best Mobile Opportunity,a8705821-45fc-9e1e-b75a-165b9a3851b1,2015-03-04 20:38:02,2015-03-04 20:38:03
210f9cb1-f5a3-f4e9-b997-7ebe09ee5700,award,9d185a5a-46ae-6fad-a791-fd7a9ccf4188,SPIFFY AWARD: The Zephyr Award for Best Mobile Opportunity,cf589146-7456-1118-35c4-a7472b3a1743,2015-03-04 20:38:02,2015-03-04 20:38:03
210f9cb1-f5a3-f4e9-b997-7ebe09ee5700,award,9d185a5a-46ae-6fad-a791-fd7a9ccf4188,SPIFFY AWARD: The Zephyr Award for Best Mobile Opportunity,de6c551f-6dfa-2bf3-dfdc-e93d6a37fc34,2015-03-04 20:38:02,2015-03-04 20:38:03
210f9cb1-f5a3-f4e9-b997-7ebe09ee5700,award,e7980031-9c6b-aef4-3338-c0a7d903a05d,SPIFFY AWARD: The Core Award for Best Fixed Telecom Opportunity,32aed291-0160-4072-802e-f7aefe77b846,2015-03-04 20:37:43,2015-03-04 20:37:43
210f9cb1-f5a3-f4e9-b997-7ebe09ee5700,award,e7980031-9c6b-aef4-3338-c0a7d903a05d,SPIFFY AWARD: The Core Award for Best Fixed Telecom Opportunity,345cd789-7904-656a-b7b2-23f0489b1b95,2015-03-04 20:37:43,2015-03-04 20:37:43
210f9cb1-f5a3-f4e9-b997-7ebe09ee5700,award,e7980031-9c6b-aef4-3338-c0a7d903a05d,SPIFFY AWARD: The Core Award for Best Fixed Telecom Opportunity,5ab4c717-91b0-b626-375f-10c97e67f19b,2015-03-04 20:37:43,2015-03-04 20:37:43
210f9cb1-f5a3-f4e9-b997-7ebe09ee5700,award,e7980031-9c6b-aef4-3338-c0a7d903a05d,SPIFFY AWARD: The Core Award for Best Fixed Telecom Opportunity,b2d0d6b4-e519-165d-7f98-ffad3ea18e11,2015-03-04 20:37:43,2015-03-04 20:37:43
210f9cb1-f5a3-f4e9-b997-7ebe09ee5700,award,e7980031-9c6b-aef4-3338-c0a7d903a05d,SPIFFY AWARD: The Core Award for Best Fixed Telecom Opportunity,d7b95d1f-69b5-3ea8-59be-a77af4fdc863,2015-03-04 20:37:43,2015-03-04 20:37:43
210f9cb1-f5a3-f4e9-b997-7ebe09ee5700,award,e7980031-9c6b-aef4-3338-c0a7d903a05d,SPIFFY AWARD: The Core Award for Best Fixed Telecom Opportunity,db4e0cac-ea43-c6e3-58d6-9a0cbef01299,2015-03-04 20:37:43,2015-03-04 20:37:43
23e89cfc-90d8-82a0-71a4-46194ef2d69d,award,5ed315aa-b87f-5dc7-1283-dddf0c829109,Best App Award,40aa2234-0edb-b5e5-3996-171756c5a450,2015-04-08 10:34:30,2015-04-08 10:34:31
23e89cfc-90d8-82a0-71a4-46194ef2d69d,award,5ed315aa-b87f-5dc7-1283-dddf0c829109,Best App Award,7b363b0c-a828-59c3-38ae-9646c274785b,2015-04-08 10:34:30,2015-04-08 10:34:31
23e89cfc-90d8-82a0-71a4-46194ef2d69d,award,5ed315aa-b87f-5dc7-1283-dddf0c829109,Best App Award,83da988e-9ea2-2c89-9ac9-5921fe0351dc,2015-04-08 10:34:30,2015-04-08 10:34:31
23e89cfc-90d8-82a0-71a4-46194ef2d69d,award,5ed315aa-b87f-5dc7-1283-dddf0c829109,Best App Award,9115037d-1081-4457-a197-e02aef79f188,2015-04-08 10:34:30,2015-04-08 10:34:31
28707842-6f88-e2f7-6519-49c6fce89107,award,d1cac284-a10c-63b7-5968-81d665a722fa,Society3 Startup of the Night,5be4f7c0-8cff-f408-005c-054f77910964,2015-06-09 21:38:01,2015-06-09 21:38:02
28707842-6f88-e2f7-6519-49c6fce89107,award,d1cac284-a10c-63b7-5968-81d665a722fa,Society3 Startup of the Night,89c4cc66-940d-7328-cb9a-0f997e71597b,2015-06-09 21:38:01,2015-06-09 21:38:02
28707842-6f88-e2f7-6519-49c6fce89107,award,d1cac284-a10c-63b7-5968-81d665a722fa,Society3 Startup of the Night,89d245b2-120c-9b4f-5a78-daafbceae272,2015-06-09 21:38:01,2015-06-09 21:38:02
28707842-6f88-e2f7-6519-49c6fce89107,award,d1cac284-a10c-63b7-5968-81d665a722fa,Society3 Startup of the Night,dc93bf94-d334-af5c-12e8-dfaed04cbe25,2015-06-09 21:38:01,2015-06-09 21:38:02
2d5b615e-1c37-5d15-7b97-3bd63ddc4ca3,award,c9b9f967-41c6-341d-3734-946877de9aca,Eureka Award,dfc3f501-36ea-2a79-a459-9fe2ac07198c,2016-02-02 14:00:04.252345,2016-02-02 14:00:04.252021
3604fbbb-f53a-a311-8c2b-31f8b21c0cf4,award,10f2177f-cc27-3b50-4822-3e371e326f87,Best Mobile App,15ac96a5-b671-8a80-1368-2c3f57649cd1,2016-01-13 21:46:56.643751,2016-01-13 21:46:56.643426
3604fbbb-f53a-a311-8c2b-31f8b21c0cf4,award,10f2177f-cc27-3b50-4822-3e371e326f87,Best Mobile App,416156d2-f0de-7c42-8303-6eaeab697c26,2016-01-13 21:46:56.643751,2016-01-13 21:46:56.643426
3604fbbb-f53a-a311-8c2b-31f8b21c0cf4,award,10f2177f-cc27-3b50-4822-3e371e326f87,Best Mobile App,9b789853-0bda-0569-5929-85b053ddd147,2016-01-13 21:46:56.643751,2016-01-13 21:46:56.643426
3604fbbb-f53a-a311-8c2b-31f8b21c0cf4,award,10f2177f-cc27-3b50-4822-3e371e326f87,Best Mobile App,cf4b5303-318a-312c-5944-65f05ad834e6,2016-01-13 21:46:56.643751,2016-01-13 21:46:56.643426
3604fbbb-f53a-a311-8c2b-31f8b21c0cf4,award,60cdce93-0ddc-f2f2-fe5f-cf1fd2c617d5,Fastest Rising Startup,1942485b-4e5f-ca5d-767f-db23a8fbc817,2016-01-13 21:45:00.95222,2016-01-13 21:45:00.951582
3604fbbb-f53a-a311-8c2b-31f8b21c0cf4,award,60cdce93-0ddc-f2f2-fe5f-cf1fd2c617d5,Fastest Rising Startup,6a2859a6-e096-926a-ee81-871ccbd16da8,2016-01-13 21:45:00.95222,2016-01-13 21:45:00.951582
3604fbbb-f53a-a311-8c2b-31f8b21c0cf4,award,60cdce93-0ddc-f2f2-fe5f-cf1fd2c617d5,Fastest Rising Startup,8aaf7d10-806b-0635-5d1c-65e53ed59f08,2016-01-13 21:45:00.95222,2016-01-13 21:45:00.951582
3604fbbb-f53a-a311-8c2b-31f8b21c0cf4,award,60cdce93-0ddc-f2f2-fe5f-cf1fd2c617d5,Fastest Rising Startup,de39d9a1-0ff9-ea50-3961-5cae0a86d49d,2016-01-13 21:45:00.95222,2016-01-13 21:45:00.951582
3604fbbb-f53a-a311-8c2b-31f8b21c0cf4,award,60cdce93-0ddc-f2f2-fe5f-cf1fd2c617d5,Fastest Rising Startup,fd2aebbb-16a8-8b9d-b345-4cb26eae5f45,2016-01-13 21:45:00.95222,2016-01-13 21:45:00.951582
3604fbbb-f53a-a311-8c2b-31f8b21c0cf4,award,6d653f22-2152-6b71-ad4a-67c4e6f5eeb4,Best New Startup of 2015,416156d2-f0de-7c42-8303-6eaeab697c26,2016-01-25 19:52:28.769532,2016-01-25 19:52:28.769221
3604fbbb-f53a-a311-8c2b-31f8b21c0cf4,award,6d653f22-2152-6b71-ad4a-67c4e6f5eeb4,Best New Startup of 2015,965c65cb-e596-9402-9ac8-30144c9f8fd2,2016-01-25 19:52:28.769532,2016-01-25 19:52:28.769221
3604fbbb-f53a-a311-8c2b-31f8b21c0cf4,award,6d653f22-2152-6b71-ad4a-67c4e6f5eeb4,Best New Startup of 2015,c1cf1b95-2b15-cdb5-f982-42d1b97a271d,2016-01-25 19:52:28.769532,2016-01-25 19:52:28.769221
3604fbbb-f53a-a311-8c2b-31f8b21c0cf4,award,6d653f22-2152-6b71-ad4a-67c4e6f5eeb4,Best New Startup of 2015,c852f9d2-ea87-db8e-f072-9c737fd6a7b4,2016-01-25 19:52:28.769532,2016-01-25 19:52:28.769221
3604fbbb-f53a-a311-8c2b-31f8b21c0cf4,award,6d653f22-2152-6b71-ad4a-67c4e6f5eeb4,Best New Startup of 2015,d454fa7b-d7d0-b8bd-bbda-89c674dccca0,2016-01-25 19:52:28.769532,2016-01-25 19:52:28.769221
3604fbbb-f53a-a311-8c2b-31f8b21c0cf4,award,87f49561-7f82-185a-e2ec-22fca2641826,Founder of the Year,0a288356-eaff-a545-4bc3-9fa18e01cf6c,2016-01-13 21:48:00.603698,2016-01-13 21:48:00.603144
3604fbbb-f53a-a311-8c2b-31f8b21c0cf4,award,87f49561-7f82-185a-e2ec-22fca2641826,Founder of the Year,98676230-648d-24a7-09ed-5ba1cd2753b3,2016-01-13 21:48:00.603698,2016-01-13 21:48:00.603144
3604fbbb-f53a-a311-8c2b-31f8b21c0cf4,award,87f49561-7f82-185a-e2ec-22fca2641826,Founder of the Year,a18aa646-5961-ac36-7ac3-255f0d9091ef,2016-01-13 21:48:00.603698,2016-01-13 21:48:00.603144
3604fbbb-f53a-a311-8c2b-31f8b21c0cf4,award,87f49561-7f82-185a-e2ec-22fca2641826,Founder of the Year,f9c96c90-5bb4-6ba0-bd38-04823b1d5b08,2016-01-13 21:48:00.603698,2016-01-13 21:48:00.603144
3604fbbb-f53a-a311-8c2b-31f8b21c0cf4,award,87f49561-7f82-185a-e2ec-22fca2641826,Founder of the Year,fda48039-926c-da69-b062-9a60328ebe35,2016-01-13 21:48:00.603698,2016-01-13 21:48:00.603144
3604fbbb-f53a-a311-8c2b-31f8b21c0cf4,award,99d66b38-7dac-c666-6dd6-1beef6c90a80,Social Impact,1cc6d492-dac5-5774-dd80-4d074bbe836e,2016-01-15 01:43:08.120046,2016-01-15 01:43:08.119755
3604fbbb-f53a-a311-8c2b-31f8b21c0cf4,award,99d66b38-7dac-c666-6dd6-1beef6c90a80,Social Impact,1f9e5a17-20e7-8b7c-ea13-798f22a7cb2a,2016-01-15 01:43:08.120046,2016-01-15 01:43:08.119755
3604fbbb-f53a-a311-8c2b-31f8b21c0cf4,award,99d66b38-7dac-c666-6dd6-1beef6c90a80,Social Impact,292d67c5-4be0-2255-eded-dee2f78d5a58,2016-01-15 01:43:08.120046,2016-01-15 01:43:08.119755
3604fbbb-f53a-a311-8c2b-31f8b21c0cf4,award,99d66b38-7dac-c666-6dd6-1beef6c90a80,Social Impact,3adf8365-01a3-c703-a274-8bc22fbbf4b3,2016-01-15 01:43:08.120046,2016-01-15 01:43:08.119755
3604fbbb-f53a-a311-8c2b-31f8b21c0cf4,award,99d66b38-7dac-c666-6dd6-1beef6c90a80,Social Impact,54e5bd10-82ef-92ff-a7ef-75f306219aef,2016-01-15 01:43:08.120046,2016-01-15 01:43:08.119755
3604fbbb-f53a-a311-8c2b-31f8b21c0cf4,award,99d66b38-7dac-c666-6dd6-1beef6c90a80,Social Impact,f5221e93-bde4-70fb-56bf-1da241e5a827,2016-01-15 01:43:08.120046,2016-01-15 01:43:08.119755
3604fbbb-f53a-a311-8c2b-31f8b21c0cf4,award,a5d78195-da4f-98b1-83a5-357315ded521,Hardware of the Year,018a7119-aeaf-4ff1-6695-c7a525331975,2016-01-15 23:16:49.951683,2016-01-15 23:16:49.951353
3604fbbb-f53a-a311-8c2b-31f8b21c0cf4,award,a5d78195-da4f-98b1-83a5-357315ded521,Hardware of the Year,55fbb9bf-b546-0a60-6484-8b4e97e83ab0,2016-01-15 23:16:49.951683,2016-01-15 23:16:49.951353
3604fbbb-f53a-a311-8c2b-31f8b21c0cf4,award,a5d78195-da4f-98b1-83a5-357315ded521,Hardware of the Year,58cfefc3-4277-e46c-9b97-5d4d9fe11bc5,2016-01-15 23:16:49.951683,2016-01-15 23:16:49.951353
3604fbbb-f53a-a311-8c2b-31f8b21c0cf4,award,a5d78195-da4f-98b1-83a5-357315ded521,Hardware of the Year,6f89ba8e-2cfd-18bc-1694-78fa1d8a1da4,2016-01-15 23:16:49.951683,2016-01-15 23:16:49.951353
3604fbbb-f53a-a311-8c2b-31f8b21c0cf4,award,a5d78195-da4f-98b1-83a5-357315ded521,Hardware of the Year,72d08e9d-3d4b-0638-8154-3145f6e84fd9,2016-01-15 23:16:49.951683,2016-01-15 23:16:49.951353
3604fbbb-f53a-a311-8c2b-31f8b21c0cf4,award,ab4eb559-9ae8-35fc-1da6-214914d90462,Include Diversity,0cf9e700-f8b6-d10c-498d-ad1d1307b171,2016-01-15 01:40:21.980738,2016-01-15 01:40:21.980362
3604fbbb-f53a-a311-8c2b-31f8b21c0cf4,award,ab4eb559-9ae8-35fc-1da6-214914d90462,Include Diversity,10c22bb4-8d5b-16e1-6ebf-0072866fe462,2016-01-15 01:40:21.980738,2016-01-15 01:40:21.980362
3604fbbb-f53a-a311-8c2b-31f8b21c0cf4,award,ab4eb559-9ae8-35fc-1da6-214914d90462,Include Diversity,55cf992a-a0cd-b05b-b789-8f24110d4f83,2016-01-15 01:40:21.980738,2016-01-15 01:40:21.980362
3604fbbb-f53a-a311-8c2b-31f8b21c0cf4,award,ab4eb559-9ae8-35fc-1da6-214914d90462,Include Diversity,565f8c35-0f28-e0b7-41ef-5a9116a65757,2016-01-15 01:40:21.980738,2016-01-15 01:40:21.980362
3604fbbb-f53a-a311-8c2b-31f8b21c0cf4,award,ab4eb559-9ae8-35fc-1da6-214914d90462,Include Diversity,931ad8db-3f32-993d-b4d3-057663024c19,2016-01-15 01:40:21.980738,2016-01-15 01:40:21.980362
3604fbbb-f53a-a311-8c2b-31f8b21c0cf4,award,ab4eb559-9ae8-35fc-1da6-214914d90462,Include Diversity,ab99394f-dee4-fad6-24f7-d10876f9a2b6,2016-01-15 01:40:21.980738,2016-01-15 01:40:21.980362
3604fbbb-f53a-a311-8c2b-31f8b21c0cf4,award,ab4eb559-9ae8-35fc-1da6-214914d90462,Include Diversity,c3c1d2ac-d815-3964-3c66-a2fa13dd1f98,2016-01-15 01:40:21.980738,2016-01-15 01:40:21.980362
3604fbbb-f53a-a311-8c2b-31f8b21c0cf4,award,ab4eb559-9ae8-35fc-1da6-214914d90462,Include Diversity,e16b7d8e-02ca-b7ab-6b53-1f0cdfe7169c,2016-01-15 01:40:21.980738,2016-01-15 01:40:21.980362
3604fbbb-f53a-a311-8c2b-31f8b21c0cf4,award,ab4eb559-9ae8-35fc-1da6-214914d90462,Include Diversity,e7edcd96-cad0-95f0-3737-129c50c3c9ef,2016-01-15 01:40:21.980738,2016-01-15 01:40:21.980362
3604fbbb-f53a-a311-8c2b-31f8b21c0cf4,award,b0d562b2-8187-27c7-1f75-9911cb4a54e4,Best Overall Startup,1ac25206-3b8a-b4a6-48b3-5df4b671e586,2016-01-13 21:43:46.360175,2016-01-13 21:43:46.359742
3604fbbb-f53a-a311-8c2b-31f8b21c0cf4,award,b0d562b2-8187-27c7-1f75-9911cb4a54e4,Best Overall Startup,1eb37109-3b93-01a9-177f-fee2cb1bfcdc,2016-01-13 21:43:46.360175,2016-01-13 21:43:46.359742
3604fbbb-f53a-a311-8c2b-31f8b21c0cf4,award,b0d562b2-8187-27c7-1f75-9911cb4a54e4,Best Overall Startup,6a2859a6-e096-926a-ee81-871ccbd16da8,2016-01-13 21:43:46.360175,2016-01-13 21:43:46.359742
3604fbbb-f53a-a311-8c2b-31f8b21c0cf4,award,b0d562b2-8187-27c7-1f75-9911cb4a54e4,Best Overall Startup,6c368c4a-ee37-62db-eeee-09c8c10ffa7a,2016-01-13 21:43:46.360175,2016-01-13 21:43:46.359742
3604fbbb-f53a-a311-8c2b-31f8b21c0cf4,award,cdd120d6-eb17-4656-da88-f8d6e55076e6,CEO of the Year,4b293da4-ebe8-e8dd-4a09-ed66e0ae5aa1,2016-01-13 21:51:40.197122,2016-01-13 21:51:40.193649
3604fbbb-f53a-a311-8c2b-31f8b21c0cf4,award,cdd120d6-eb17-4656-da88-f8d6e55076e6,CEO of the Year,a01b8d46-d311-3333-7c34-aa3ae9c03f22,2016-01-13 21:51:40.197122,2016-01-13 21:51:40.193649
3604fbbb-f53a-a311-8c2b-31f8b21c0cf4,award,cdd120d6-eb17-4656-da88-f8d6e55076e6,CEO of the Year,d3326bcc-6d25-9214-60c7-1e95c5f2f2a1,2016-01-13 21:51:40.197122,2016-01-13 21:51:40.193649
3604fbbb-f53a-a311-8c2b-31f8b21c0cf4,award,cdd120d6-eb17-4656-da88-f8d6e55076e6,CEO of the Year,de6d16df-2694-7edd-8723-d85ec86dad23,2016-01-13 21:51:40.197122,2016-01-13 21:51:40.193649
3604fbbb-f53a-a311-8c2b-31f8b21c0cf4,award,cdd120d6-eb17-4656-da88-f8d6e55076e6,CEO of the Year,e53fad55-f0a6-584b-4396-804499b36712,2016-01-13 21:51:40.197122,2016-01-13 21:51:40.193649
36f21c66-c8c5-3b4f-7854-d94441804c96,award,2c1577b8-f76b-f7db-3dcb-3d683967650d,Boston Pitchoff 2015,038abd28-0535-6de1-00df-f129499a52ce,2015-02-25 19:38:01,2015-02-25 19:38:03
36f21c66-c8c5-3b4f-7854-d94441804c96,award,2c1577b8-f76b-f7db-3dcb-3d683967650d,Boston Pitchoff 2015,38ecf9cc-5b13-f118-4092-808be64262f5,2015-02-25 19:38:01,2015-02-25 19:38:03
36f21c66-c8c5-3b4f-7854-d94441804c96,award,2c1577b8-f76b-f7db-3dcb-3d683967650d,Boston Pitchoff 2015,48fc3533-9655-2060-a124-60cfc493e09b,2015-02-25 19:38:01,2015-02-25 19:38:03
36f21c66-c8c5-3b4f-7854-d94441804c96,award,2c1577b8-f76b-f7db-3dcb-3d683967650d,Boston Pitchoff 2015,5a67504d-abd5-40eb-b66a-f414a88cd88d,2015-02-25 19:38:01,2015-02-25 19:38:03
36f21c66-c8c5-3b4f-7854-d94441804c96,award,2c1577b8-f76b-f7db-3dcb-3d683967650d,Boston Pitchoff 2015,5ee5ec93-4364-ef32-287c-e0406c6fd028,2015-02-25 19:38:01,2015-02-25 19:38:03
36f21c66-c8c5-3b4f-7854-d94441804c96,award,2c1577b8-f76b-f7db-3dcb-3d683967650d,Boston Pitchoff 2015,a9a7fbaf-742e-7fda-0782-5b543b4b7093,2015-02-25 19:38:01,2015-02-25 19:38:03
36f21c66-c8c5-3b4f-7854-d94441804c96,award,2c1577b8-f76b-f7db-3dcb-3d683967650d,Boston Pitchoff 2015,cf5f9499-e8c8-3f63-45cc-ba1d7ac16da1,2015-02-25 19:38:01,2015-02-25 19:38:03
36f21c66-c8c5-3b4f-7854-d94441804c96,award,2c1577b8-f76b-f7db-3dcb-3d683967650d,Boston Pitchoff 2015,e2d7f73b-8a37-dc30-b3e0-53edd9a26eef,2015-02-25 19:38:01,2015-02-25 19:38:03
3c4dc590-8575-d43d-f0da-29c7977ecfde,award,1129e165-53dc-1fe6-f6da-a8c9f9d2cadd,Top 3 Sports Tech StartUps,031e03c4-d7fa-e4ca-a8d0-02ae4e8cf7f5,2016-11-07 14:01:34.264253,2016-11-07 14:01:34.263753
3fad560a-2591-20ea-a673-578922f5ddd5,award,43d500d9-9e14-b397-799c-7c18d690ddef,Best Use of Mobile in Emergency & Humanitarian Situations,90648401-aea6-baa8-52ea-261e2507ed3e,2015-12-04 21:57:57.613065,2015-12-04 21:57:57.612724
3fad560a-2591-20ea-a673-578922f5ddd5,award,f8db9c6f-08d6-7230-9497-e6eb4f3b12ed,Most Innovative Mobile App,90648401-aea6-baa8-52ea-261e2507ed3e,2015-12-04 21:56:03.707325,2015-12-04 21:56:03.70703
5609f0e1-9768-e695-fad5-2e97bbf34194,award,06bbf258-7110-c8b3-aa8f-00942d18770b,Best Coworking Space 2015,58bc468f-7a50-5764-4cf7-58957aa99228,2015-09-14 19:25:36,2015-09-14 19:25:37
5609f0e1-9768-e695-fad5-2e97bbf34194,award,06bbf258-7110-c8b3-aa8f-00942d18770b,Best Coworking Space 2015,6de1cbba-1804-de14-7667-eb0aca5e0d94,2015-09-14 19:25:36,2015-09-14 19:25:37
5609f0e1-9768-e695-fad5-2e97bbf34194,award,1aa97b07-2ed5-f2c7-eee0-de54196db39f,Best User Experience 2015,065487db-4410-aabd-79a0-4c22c6744098,2015-09-14 19:23:19,2015-09-14 19:23:20
5609f0e1-9768-e695-fad5-2e97bbf34194,award,1aa97b07-2ed5-f2c7-eee0-de54196db39f,Best User Experience 2015,687be138-12a6-c258-ca0e-b802303a9400,2015-09-14 19:23:19,2015-09-14 19:23:20
5609f0e1-9768-e695-fad5-2e97bbf34194,award,1aa97b07-2ed5-f2c7-eee0-de54196db39f,Best User Experience 2015,ba549a68-e314-a232-c1c4-62e52e2a1cab,2015-09-14 19:23:19,2015-09-14 19:23:20
5609f0e1-9768-e695-fad5-2e97bbf34194,award,1aa97b07-2ed5-f2c7-eee0-de54196db39f,Best User Experience 2015,c6297355-d270-5e93-f79c-12329eb5e6b6,2015-09-14 19:23:19,2015-09-14 19:23:20
5609f0e1-9768-e695-fad5-2e97bbf34194,award,1aa97b07-2ed5-f2c7-eee0-de54196db39f,Best User Experience 2015,e0590f74-05ef-0fd9-6361-bd66ca8edb63,2015-09-14 19:23:19,2015-09-14 19:23:20
5609f0e1-9768-e695-fad5-2e97bbf34194,award,353ff97f-b728-49a0-85b1-00c9f9f235ba,Best Social Impact Startup 2015,cd187c62-40b8-f65b-a3d6-eb02782c327c,2015-09-14 19:12:03,2015-09-14 19:12:03
5609f0e1-9768-e695-fad5-2e97bbf34194,award,353ff97f-b728-49a0-85b1-00c9f9f235ba,Best Social Impact Startup 2015,dd2f83c3-62c1-910a-3862-b71078298231,2015-09-14 19:12:03,2015-09-14 19:12:03
5609f0e1-9768-e695-fad5-2e97bbf34194,award,353ff97f-b728-49a0-85b1-00c9f9f235ba,Best Social Impact Startup 2015,f5e33060-1a66-9b99-df26-f8b4fa4dea64,2015-09-14 19:12:03,2015-09-14 19:12:03
5609f0e1-9768-e695-fad5-2e97bbf34194,award,391190e3-cd50-0b7a-f8c0-33995f3b65b7,Most Influential Women 2015,044713b2-2c38-c81c-6059-8ec8c7fbdc3f,2015-09-14 19:28:29,2015-09-14 19:28:29
5609f0e1-9768-e695-fad5-2e97bbf34194,award,391190e3-cd50-0b7a-f8c0-33995f3b65b7,Most Influential Women 2015,9daf66e7-7c34-3c0a-a203-3e09649b9ece,2015-09-14 19:28:29,2015-09-14 19:28:29
5609f0e1-9768-e695-fad5-2e97bbf34194,award,391190e3-cd50-0b7a-f8c0-33995f3b65b7,Most Influential Women 2015,d928b1eb-7373-345b-98e9-5b279d520c60,2015-09-14 19:28:29,2015-09-14 19:28:29
5609f0e1-9768-e695-fad5-2e97bbf34194,award,7c5517da-214d-4427-da65-ab70f04465da,Startup Of The Year 2015,80a484e3-7fe7-04f2-f6e6-82d55ab63253,2015-09-14 19:10:30,2015-09-14 19:10:30
5609f0e1-9768-e695-fad5-2e97bbf34194,award,7c5517da-214d-4427-da65-ab70f04465da,Startup Of The Year 2015,94d60f57-bb24-6ab5-0ffc-4653122f3c08,2015-09-14 19:10:30,2015-09-14 19:10:30
5609f0e1-9768-e695-fad5-2e97bbf34194,award,7c5517da-214d-4427-da65-ab70f04465da,Startup Of The Year 2015,ad453517-eca0-83c1-178c-e1200c87bbe4,2015-09-14 19:10:30,2015-09-14 19:10:30
5609f0e1-9768-e695-fad5-2e97bbf34194,award,7c5517da-214d-4427-da65-ab70f04465da,Startup Of The Year 2015,be75b7a0-5d45-1229-9e16-99e60b7f301f,2015-09-14 19:10:30,2015-09-14 19:10:30
5609f0e1-9768-e695-fad5-2e97bbf34194,award,81851c31-2335-a741-ce58-cc1ba5c1d79f,Best Investors 2015,0202fc06-492e-b884-f0b1-60423e641363,2015-09-14 19:26:48,2015-09-14 19:26:49
5609f0e1-9768-e695-fad5-2e97bbf34194,award,81851c31-2335-a741-ce58-cc1ba5c1d79f,Best Investors 2015,06059314-d10f-c088-30c8-5a71e40ef75d,2015-09-14 19:26:48,2015-09-14 19:26:49
5609f0e1-9768-e695-fad5-2e97bbf34194,award,81851c31-2335-a741-ce58-cc1ba5c1d79f,Best Investors 2015,39c97cc3-ebe0-1522-8cbd-1177fbde3799,2015-09-14 19:26:48,2015-09-14 19:26:49
5609f0e1-9768-e695-fad5-2e97bbf34194,award,81851c31-2335-a741-ce58-cc1ba5c1d79f,Best Investors 2015,469d0bc7-a084-696a-c610-34c0a81f168f,2015-09-14 19:26:48,2015-09-14 19:26:49
5609f0e1-9768-e695-fad5-2e97bbf34194,award,81851c31-2335-a741-ce58-cc1ba5c1d79f,Best Investors 2015,fa877d23-1c13-5d26-6392-b38f673b8f39,2015-09-14 19:26:48,2015-09-14 19:26:49
5609f0e1-9768-e695-fad5-2e97bbf34194,award,bfe48559-ea22-31ca-baf9-1cd8657225be,Best Cloud/Data Application 2015,1edc001b-2d77-eb26-01c5-7bc0d6467999,2015-09-14 19:20:53,2015-09-14 19:20:54
5609f0e1-9768-e695-fad5-2e97bbf34194,award,bfe48559-ea22-31ca-baf9-1cd8657225be,Best Cloud/Data Application 2015,24ab837c-e689-6d22-617f-1c617f1e4b8b,2015-09-14 19:20:53,2015-09-14 19:20:54
5609f0e1-9768-e695-fad5-2e97bbf34194,award,bfe48559-ea22-31ca-baf9-1cd8657225be,Best Cloud/Data Application 2015,480111ea-eb95-eacb-6c53-de6f277f1c4e,2015-09-14 19:20:53,2015-09-14 19:20:54
5609f0e1-9768-e695-fad5-2e97bbf34194,award,bfe48559-ea22-31ca-baf9-1cd8657225be,Best Cloud/Data Application 2015,85106479-93d4-22b1-a6c6-e90b5639631a,2015-09-14 19:20:53,2015-09-14 19:20:54
5609f0e1-9768-e695-fad5-2e97bbf34194,award,bfe48559-ea22-31ca-baf9-1cd8657225be,Best Cloud/Data Application 2015,b158507f-2ba4-25ac-efb3-3745d1e5d8ac,2015-09-14 19:20:53,2015-09-14 19:20:54
5609f0e1-9768-e695-fad5-2e97bbf34194,award,c02aa368-1525-c107-096e-3305edfaa632,Best FinTech Startup 2015,31ec292e-05ca-6f0a-e803-1a08eb673cef,2015-09-14 19:18:48,2015-09-14 19:18:50
5609f0e1-9768-e695-fad5-2e97bbf34194,award,c02aa368-1525-c107-096e-3305edfaa632,Best FinTech Startup 2015,a202bea0-780c-ca21-4145-6e04a215b4d2,2015-09-14 19:18:48,2015-09-14 19:18:50
5609f0e1-9768-e695-fad5-2e97bbf34194,award,c02aa368-1525-c107-096e-3305edfaa632,Best FinTech Startup 2015,a818c697-b4f1-92fd-8462-9fbeffaa4786,2015-09-14 19:18:48,2015-09-14 19:18:50
5ba7edc8-d2e6-2e9c-159e-7b8a9ccb3f71,award,e960bf89-adcc-57a0-1ed1-0e527b8b5147,BEST OF INNOVATIONS,5adc60e5-ce27-13b7-cd03-696f7e2dcf53,2015-11-16 15:24:55.904833,2015-11-16 15:24:55.904509
5dedaf24-75d6-f33c-00d6-c5a0bec29e46,award,17c62355-57fe-7480-9cac-68db900394e7,"Winner, Startup Competition",9df5e602-5a9f-0f72-2660-01db366574eb,2015-05-13 07:46:48,2015-05-13 07:46:48
5dedaf24-75d6-f33c-00d6-c5a0bec29e46,award,3d5f8edc-c3c8-fa2c-c926-01afa810c057,"Second Runner-Up, Startup Competition",578b0c37-a941-9b93-efb5-a0ee14400f8d,2015-05-13 07:48:34,2015-05-13 07:48:35
5dedaf24-75d6-f33c-00d6-c5a0bec29e46,award,86ff9276-c5b2-230f-4ce9-a35374c80002,"First Runner-Up, Startup Competition",990ac6bd-64a3-be01-724e-c17a81c3e1e9,2015-05-13 07:47:46,2015-05-13 07:47:47
62695a6d-c143-44c2-f1c7-c57130662f6a,award,727050ae-c73e-f6d1-a7cb-fd36570d9561,Most impressive tech infrastructure,c1cdee2b-4e42-e3b0-781b-d934eeff8fb4,2016-01-03 02:38:17.468309,2016-01-03 02:38:17.467858
62f27239-83f4-a0f5-5e30-dffa6dc35d83,award,f73139c0-92f5-353f-25cf-863b9ad7e1c3,InnovateHER 2016,8ea1471a-1886-2492-68e5-711eaeb6c342,2016-03-18 03:45:23.307808,2016-03-18 03:45:23.307504
62f27239-83f4-a0f5-5e30-dffa6dc35d83,award,f73139c0-92f5-353f-25cf-863b9ad7e1c3,InnovateHER 2016,b82cbe8d-bf62-6c41-9ad6-bb4322f02042,2016-03-18 03:45:23.307808,2016-03-18 03:45:23.307504
62f27239-83f4-a0f5-5e30-dffa6dc35d83,award,f73139c0-92f5-353f-25cf-863b9ad7e1c3,InnovateHER 2016,f0edf6f2-a33a-fe7d-282f-8085c0865bee,2016-03-18 03:45:23.307808,2016-03-18 03:45:23.307504
6e166879-4f49-d7ee-b1db-5e8650cbc1f6,award,ecfa7e08-70cb-520d-6c89-16ecbddf2c2e,Startup PITCH competition,beded4a3-e050-235f-e026-2a1c8b6208e9,2016-07-11 10:33:46.347155,2016-07-11 10:33:46.346669
7291aaf7-7b28-4165-8dee-de5cd39ac778,award,6e21f4d6-4fe0-eb1f-f48d-5b07de47b4f3,"$250,000 Challenge",9e6282c0-3831-b297-9f39-79c753392836,2015-12-18 22:33:25.79412,2015-12-18 22:33:25.79363
77b831ac-5852-a2c5-1387-39bc8962bf03,award,8a40a725-0de4-cb16-da0c-94d2742dac62,Golden Startup Award,0a394cd1-6f8c-92a6-6fed-353cb366698d,2015-04-09 21:00:39,2015-04-09 21:00:40
77b831ac-5852-a2c5-1387-39bc8962bf03,award,8a40a725-0de4-cb16-da0c-94d2742dac62,Golden Startup Award,1dd55747-82f0-f7e3-3f22-1d59537a4bab,2015-04-09 21:00:39,2015-04-09 21:00:40
77b831ac-5852-a2c5-1387-39bc8962bf03,award,8a40a725-0de4-cb16-da0c-94d2742dac62,Golden Startup Award,60bba48c-0961-dca5-ccca-77a5235e3b71,2015-04-09 21:00:39,2015-04-09 21:00:40
77b831ac-5852-a2c5-1387-39bc8962bf03,award,8a40a725-0de4-cb16-da0c-94d2742dac62,Golden Startup Award,91212ae0-1ebc-ca6a-a29d-31e2f3ec23f0,2015-04-09 21:00:39,2015-04-09 21:00:40
7a8c8f32-986c-f45e-9d81-bf3157501217,award,e95484ac-2e77-5cbc-5a13-9d0a8dd442b8,Startup PITCH competition,6b44dc44-3563-4898-78cf-647f4fb50c2e,2016-07-11 13:21:55.800091,2016-07-11 13:21:55.799585
7ae3ef47-77fa-a224-7914-9adeca60bccf,award,5b9b77fd-4dfc-55e8-983d-dfa9fd0a1b3b,UT Federal Credit Union Traction Award,0851c8f5-6020-c9ad-c52a-881de70dcb01,2015-10-12 18:08:23.076336,2015-10-12 18:08:23.076028
7ae3ef47-77fa-a224-7914-9adeca60bccf,award,5b9b77fd-4dfc-55e8-983d-dfa9fd0a1b3b,UT Federal Credit Union Traction Award,80e33ab2-f078-4450-5c80-f437e2b4e670,2015-10-12 18:08:23.076336,2015-10-12 18:08:23.076028
7ae3ef47-77fa-a224-7914-9adeca60bccf,award,5b9b77fd-4dfc-55e8-983d-dfa9fd0a1b3b,UT Federal Credit Union Traction Award,96654da1-4cb0-f04e-9698-d2dbe740836a,2015-10-12 18:08:23.076336,2015-10-12 18:08:23.076028
7ae3ef47-77fa-a224-7914-9adeca60bccf,award,c9d9faae-f9c4-2812-82f0-612e80de0c6b,"Pitch Competition Cash Prize, Sponsored by BOBA",07c34060-1ad1-7e24-8d07-483a71fdbb9c,2015-11-10 16:07:39.923986,2015-11-10 16:07:39.923696
7ae3ef47-77fa-a224-7914-9adeca60bccf,award,c9d9faae-f9c4-2812-82f0-612e80de0c6b,"Pitch Competition Cash Prize, Sponsored by BOBA",19762b42-b2b9-bf0e-f04d-bf51e8915389,2015-11-10 16:07:39.923986,2015-11-10 16:07:39.923696
7ae3ef47-77fa-a224-7914-9adeca60bccf,award,c9d9faae-f9c4-2812-82f0-612e80de0c6b,"Pitch Competition Cash Prize, Sponsored by BOBA",3ea9f13d-6bb7-76de-07af-b74c25f3562d,2015-11-10 16:07:39.923986,2015-11-10 16:07:39.923696
7ae3ef47-77fa-a224-7914-9adeca60bccf,award,c9d9faae-f9c4-2812-82f0-612e80de0c6b,"Pitch Competition Cash Prize, Sponsored by BOBA",4dbb9b18-ca7d-fab3-ed39-d9666cbb7a90,2015-11-10 16:07:39.923986,2015-11-10 16:07:39.923696
7ae3ef47-77fa-a224-7914-9adeca60bccf,award,c9d9faae-f9c4-2812-82f0-612e80de0c6b,"Pitch Competition Cash Prize, Sponsored by BOBA",7607f35e-d215-8659-b10b-8908bb6129ab,2015-11-10 16:07:39.923986,2015-11-10 16:07:39.923696
7ae3ef47-77fa-a224-7914-9adeca60bccf,award,c9d9faae-f9c4-2812-82f0-612e80de0c6b,"Pitch Competition Cash Prize, Sponsored by BOBA",e93873c9-783f-f3a6-d64f-ebca97779cd6,2015-11-10 16:07:39.923986,2015-11-10 16:07:39.923696
7ae3ef47-77fa-a224-7914-9adeca60bccf,award,c9d9faae-f9c4-2812-82f0-612e80de0c6b,"Pitch Competition Cash Prize, Sponsored by BOBA",fb50d0a1-a74e-cc61-8e4f-9577d4b310ef,2015-11-10 16:07:39.923986,2015-11-10 16:07:39.923696
7b9b3723-ae16-ccac-f8ed-d8a95f81f048,award,0b3975ba-b26c-0103-7dff-d7d8d7cbd94e,Best CEO,02325cea-62bc-596d-79d8-364541003bef,2015-02-05 23:04:53,2015-02-05 23:04:55
7b9b3723-ae16-ccac-f8ed-d8a95f81f048,award,0b3975ba-b26c-0103-7dff-d7d8d7cbd94e,Best CEO,61d19fc5-3a69-e4f7-9a6d-83d4fb6a0212,2015-02-05 23:04:53,2015-02-05 23:04:55
7b9b3723-ae16-ccac-f8ed-d8a95f81f048,award,0b3975ba-b26c-0103-7dff-d7d8d7cbd94e,Best CEO,94f0c753-e73f-36dc-7964-03d6f09a4c1d,2015-02-05 23:04:53,2015-02-05 23:04:55
7b9b3723-ae16-ccac-f8ed-d8a95f81f048,award,0b3975ba-b26c-0103-7dff-d7d8d7cbd94e,Best CEO,b42e4294-719e-88f7-a087-3e8090adffa4,2015-02-05 23:04:53,2015-02-05 23:04:55
7b9b3723-ae16-ccac-f8ed-d8a95f81f048,award,0b3975ba-b26c-0103-7dff-d7d8d7cbd94e,Best CEO,e53fad55-f0a6-584b-4396-804499b36712,2015-02-05 23:04:53,2015-02-05 23:04:55
7b9b3723-ae16-ccac-f8ed-d8a95f81f048,award,2d127c61-a279-c415-6d9d-4d2524f74883,Best Overall Startup of 2014,1eb37109-3b93-01a9-177f-fee2cb1bfcdc,2015-02-05 23:08:28,2015-02-05 23:08:29
7b9b3723-ae16-ccac-f8ed-d8a95f81f048,award,2d127c61-a279-c415-6d9d-4d2524f74883,Best Overall Startup of 2014,6f83ddd7-d637-61f8-06b2-438a0037605f,2015-02-05 23:08:28,2015-02-05 23:08:29
7b9b3723-ae16-ccac-f8ed-d8a95f81f048,award,2d127c61-a279-c415-6d9d-4d2524f74883,Best Overall Startup of 2014,ba46fe72-2b3d-6d2f-64d0-e5cf2d31b0ed,2015-02-05 23:08:28,2015-02-05 23:08:29
7b9b3723-ae16-ccac-f8ed-d8a95f81f048,award,2d127c61-a279-c415-6d9d-4d2524f74883,Best Overall Startup of 2014,e6178a34-5054-6449-8d77-5c28702d0dab,2015-02-05 23:08:28,2015-02-05 23:08:29
7b9b3723-ae16-ccac-f8ed-d8a95f81f048,award,2d127c61-a279-c415-6d9d-4d2524f74883,Best Overall Startup of 2014,e7eb6e24-4a9b-9746-a34e-b96e48e12323,2015-02-05 23:08:28,2015-02-05 23:08:29
7b9b3723-ae16-ccac-f8ed-d8a95f81f048,award,30744bd8-641e-de3c-cabf-ec4ce673e1f9,Best New Startup of 2014,169d42c1-2a2c-dd1e-34be-9c49b5e97db4,2015-02-05 23:06:01,2015-02-05 23:06:03
7b9b3723-ae16-ccac-f8ed-d8a95f81f048,award,30744bd8-641e-de3c-cabf-ec4ce673e1f9,Best New Startup of 2014,38def6ff-b459-c4a3-bd8e-1299d6e509ec,2015-02-05 23:06:01,2015-02-05 23:06:03
7b9b3723-ae16-ccac-f8ed-d8a95f81f048,award,30744bd8-641e-de3c-cabf-ec4ce673e1f9,Best New Startup of 2014,6a2859a6-e096-926a-ee81-871ccbd16da8,2015-02-05 23:06:01,2015-02-05 23:06:03
7b9b3723-ae16-ccac-f8ed-d8a95f81f048,award,30744bd8-641e-de3c-cabf-ec4ce673e1f9,Best New Startup of 2014,8e3503d6-d978-83c3-6715-4615a7409d6f,2015-02-05 23:06:01,2015-02-05 23:06:03
7b9b3723-ae16-ccac-f8ed-d8a95f81f048,award,30744bd8-641e-de3c-cabf-ec4ce673e1f9,Best New Startup of 2014,9af39522-4bd3-4ffa-343a-6d14f5db1a54,2015-02-05 23:06:01,2015-02-05 23:06:03
7b9b3723-ae16-ccac-f8ed-d8a95f81f048,award,352ab2b4-c87e-c455-8aeb-551be2b716c8,Best Enterprise Startup,57fd815a-d340-c7ab-a975-dd541a71fec6,2015-02-05 22:41:03,2015-02-05 22:41:04
7b9b3723-ae16-ccac-f8ed-d8a95f81f048,award,352ab2b4-c87e-c455-8aeb-551be2b716c8,Best Enterprise Startup,5b12e278-7676-b3f2-e81c-926b4cc46bc3,2015-02-05 22:41:03,2015-02-05 22:41:04
7b9b3723-ae16-ccac-f8ed-d8a95f81f048,award,352ab2b4-c87e-c455-8aeb-551be2b716c8,Best Enterprise Startup,6a2859a6-e096-926a-ee81-871ccbd16da8,2015-02-05 22:41:03,2015-02-05 22:41:04
7b9b3723-ae16-ccac-f8ed-d8a95f81f048,award,352ab2b4-c87e-c455-8aeb-551be2b716c8,Best Enterprise Startup,6c368c4a-ee37-62db-eeee-09c8c10ffa7a,2015-02-05 22:41:03,2015-02-05 22:41:04
7b9b3723-ae16-ccac-f8ed-d8a95f81f048,award,352ab2b4-c87e-c455-8aeb-551be2b716c8,Best Enterprise Startup,763a38db-806a-34ee-c934-1c16f09e13a2,2015-02-05 22:41:03,2015-02-05 22:41:04
7b9b3723-ae16-ccac-f8ed-d8a95f81f048,award,4a1505ea-49fa-6f28-4e79-0726207625f9,Cant Stop Wont Stop,048f759f-06e4-456b-6126-3d4a57141b5d,2015-02-05 23:10:59,2015-02-05 23:11:01
7b9b3723-ae16-ccac-f8ed-d8a95f81f048,award,4a1505ea-49fa-6f28-4e79-0726207625f9,Cant Stop Wont Stop,3dfd8d9c-7480-79e8-a983-dcf1d0f8e1a5,2015-02-05 23:10:59,2015-02-05 23:11:01
7b9b3723-ae16-ccac-f8ed-d8a95f81f048,award,4a1505ea-49fa-6f28-4e79-0726207625f9,Cant Stop Wont Stop,ad4c44fa-9ba0-8470-cff1-a574d5414886,2015-02-05 23:10:59,2015-02-05 23:11:01
7b9b3723-ae16-ccac-f8ed-d8a95f81f048,award,4a1505ea-49fa-6f28-4e79-0726207625f9,Cant Stop Wont Stop,f022b2b3-90c1-116a-fee6-6b5dfeeb0f60,2015-02-05 23:10:59,2015-02-05 23:11:01
7b9b3723-ae16-ccac-f8ed-d8a95f81f048,award,4a1505ea-49fa-6f28-4e79-0726207625f9,Cant Stop Wont Stop,fd0dcb64-f9d1-d475-52c6-46c341ad8559,2015-02-05 23:10:59,2015-02-05 23:11:01
7b9b3723-ae16-ccac-f8ed-d8a95f81f048,award,4cbe2956-6ad5-2dd1-7eb3-fe276bcc2810,Best E-Commerce Application,43b9e775-b843-f194-fb96-d266684cfb53,2015-02-05 23:03:13,2015-02-05 23:03:15
7b9b3723-ae16-ccac-f8ed-d8a95f81f048,award,4cbe2956-6ad5-2dd1-7eb3-fe276bcc2810,Best E-Commerce Application,4e542cda-f3b9-bc92-b2f2-16dcae17032b,2015-02-05 23:03:13,2015-02-05 23:03:15
7b9b3723-ae16-ccac-f8ed-d8a95f81f048,award,4cbe2956-6ad5-2dd1-7eb3-fe276bcc2810,Best E-Commerce Application,916693b6-1588-fdb6-26d3-99abbae3cce6,2015-02-05 23:03:13,2015-02-05 23:03:15
7b9b3723-ae16-ccac-f8ed-d8a95f81f048,award,4cbe2956-6ad5-2dd1-7eb3-fe276bcc2810,Best E-Commerce Application,9d8530aa-bd25-f4b7-4f16-422978350648,2015-02-05 23:03:13,2015-02-05 23:03:15
7b9b3723-ae16-ccac-f8ed-d8a95f81f048,award,4cbe2956-6ad5-2dd1-7eb3-fe276bcc2810,Best E-Commerce Application,b63951f3-4de5-731d-54d0-0e26af713909,2015-02-05 23:03:13,2015-02-05 23:03:15
7b9b3723-ae16-ccac-f8ed-d8a95f81f048,award,4cbe2956-6ad5-2dd1-7eb3-fe276bcc2810,Best E-Commerce Application,de2d582a-8845-cec1-abf0-991909495e2f,2015-02-05 23:03:13,2015-02-05 23:03:15
7b9b3723-ae16-ccac-f8ed-d8a95f81f048,award,7ab02e9f-6586-5fcb-bee0-4877b2cafd9d,Best International Startup,022417b5-4980-6c54-0f3c-6736bbbb1a5e,2015-02-05 22:40:00,2015-02-05 22:40:01
7b9b3723-ae16-ccac-f8ed-d8a95f81f048,award,7ab02e9f-6586-5fcb-bee0-4877b2cafd9d,Best International Startup,09d06850-35e5-acfa-8286-1b9ca03f957b,2015-02-05 22:40:00,2015-02-05 22:40:01
7b9b3723-ae16-ccac-f8ed-d8a95f81f048,award,7ab02e9f-6586-5fcb-bee0-4877b2cafd9d,Best International Startup,583f8113-ffeb-dc63-44d0-f14cc5965f2b,2015-02-05 22:40:00,2015-02-05 22:40:01
7b9b3723-ae16-ccac-f8ed-d8a95f81f048,award,7ab02e9f-6586-5fcb-bee0-4877b2cafd9d,Best International Startup,9b789853-0bda-0569-5929-85b053ddd147,2015-02-05 22:40:00,2015-02-05 22:40:01
7b9b3723-ae16-ccac-f8ed-d8a95f81f048,award,7ab02e9f-6586-5fcb-bee0-4877b2cafd9d,Best International Startup,d4bbac7b-c855-a1d3-11fb-f95ecfa0c94f,2015-02-05 22:40:00,2015-02-05 22:40:01
7b9b3723-ae16-ccac-f8ed-d8a95f81f048,award,7eb8cb3a-1196-820b-0162-68f9da71c5d9,Best Health Startup,06fdc30c-99cd-05f3-a098-385c34b3e2f5,2015-02-05 22:52:46,2015-02-05 22:52:47
7b9b3723-ae16-ccac-f8ed-d8a95f81f048,award,7eb8cb3a-1196-820b-0162-68f9da71c5d9,Best Health Startup,248f4214-eedd-0432-0807-8c186ccca30f,2015-02-05 22:52:46,2015-02-05 22:52:47
7b9b3723-ae16-ccac-f8ed-d8a95f81f048,award,7eb8cb3a-1196-820b-0162-68f9da71c5d9,Best Health Startup,bc615f7e-ba1d-1870-60a5-54f14a181b77,2015-02-05 22:52:46,2015-02-05 22:52:47
7b9b3723-ae16-ccac-f8ed-d8a95f81f048,award,7eb8cb3a-1196-820b-0162-68f9da71c5d9,Best Health Startup,de39d9a1-0ff9-ea50-3961-5cae0a86d49d,2015-02-05 22:52:46,2015-02-05 22:52:47
7b9b3723-ae16-ccac-f8ed-d8a95f81f048,award,7eb8cb3a-1196-820b-0162-68f9da71c5d9,Best Health Startup,e64ce603-ade2-9d65-511f-7d03697d674b,2015-02-05 22:52:46,2015-02-05 22:52:47
7b9b3723-ae16-ccac-f8ed-d8a95f81f048,award,92b114fa-44fb-ef3d-60d2-e1cf134f4a02,Best Hardware Startup,1ac25206-3b8a-b4a6-48b3-5df4b671e586,2015-02-05 22:36:52,2015-02-05 22:36:54
7b9b3723-ae16-ccac-f8ed-d8a95f81f048,award,92b114fa-44fb-ef3d-60d2-e1cf134f4a02,Best Hardware Startup,248f4214-eedd-0432-0807-8c186ccca30f,2015-02-05 22:36:52,2015-02-05 22:36:54
7b9b3723-ae16-ccac-f8ed-d8a95f81f048,award,92b114fa-44fb-ef3d-60d2-e1cf134f4a02,Best Hardware Startup,43149a55-3eb5-b954-c600-f1f00a07070b,2015-02-05 22:36:52,2015-02-05 22:36:54
7b9b3723-ae16-ccac-f8ed-d8a95f81f048,award,92b114fa-44fb-ef3d-60d2-e1cf134f4a02,Best Hardware Startup,512b494a-f744-a134-1d43-fd4f36f629d8,2015-02-05 22:36:52,2015-02-05 22:36:54
7b9b3723-ae16-ccac-f8ed-d8a95f81f048,award,92b114fa-44fb-ef3d-60d2-e1cf134f4a02,Best Hardware Startup,ba46fe72-2b3d-6d2f-64d0-e5cf2d31b0ed,2015-02-05 22:36:52,2015-02-05 22:36:54
7b9b3723-ae16-ccac-f8ed-d8a95f81f048,award,95be6948-34aa-aaaf-d8bc-a8532b73ff1f,Best Bootstrapped Startup,14c4ab01-ae7e-617d-7099-c0f5f6a5b06e,2015-02-05 22:44:03,2015-02-05 22:44:05
7b9b3723-ae16-ccac-f8ed-d8a95f81f048,award,95be6948-34aa-aaaf-d8bc-a8532b73ff1f,Best Bootstrapped Startup,29c6fc14-4cd0-bb6b-aa9c-d489c69e5009,2015-02-05 22:44:03,2015-02-05 22:44:05
7b9b3723-ae16-ccac-f8ed-d8a95f81f048,award,95be6948-34aa-aaaf-d8bc-a8532b73ff1f,Best Bootstrapped Startup,4399642d-7007-b556-b17a-fa37a0e5a2fd,2015-02-05 22:44:03,2015-02-05 22:44:05
7b9b3723-ae16-ccac-f8ed-d8a95f81f048,award,95be6948-34aa-aaaf-d8bc-a8532b73ff1f,Best Bootstrapped Startup,8ac26479-1107-1627-4e02-9a729c423d90,2015-02-05 22:44:03,2015-02-05 22:44:05
7b9b3723-ae16-ccac-f8ed-d8a95f81f048,award,af019d70-882b-0b6d-873f-18430d71ec51,Best On-Demand Service,1302a6b1-839b-1e5b-42f7-c6affe441a53,2015-02-05 23:07:18,2015-02-05 23:07:20
7b9b3723-ae16-ccac-f8ed-d8a95f81f048,award,af019d70-882b-0b6d-873f-18430d71ec51,Best On-Demand Service,169d42c1-2a2c-dd1e-34be-9c49b5e97db4,2015-02-05 23:07:18,2015-02-05 23:07:20
7b9b3723-ae16-ccac-f8ed-d8a95f81f048,award,af019d70-882b-0b6d-873f-18430d71ec51,Best On-Demand Service,1942485b-4e5f-ca5d-767f-db23a8fbc817,2015-02-05 23:07:18,2015-02-05 23:07:20
7b9b3723-ae16-ccac-f8ed-d8a95f81f048,award,af019d70-882b-0b6d-873f-18430d71ec51,Best On-Demand Service,1eb37109-3b93-01a9-177f-fee2cb1bfcdc,2015-02-05 23:07:18,2015-02-05 23:07:20
7b9b3723-ae16-ccac-f8ed-d8a95f81f048,award,af019d70-882b-0b6d-873f-18430d71ec51,Best On-Demand Service,33a97e70-f137-e90f-8d68-950a043ee09f,2015-02-05 23:07:18,2015-02-05 23:07:20
7b9b3723-ae16-ccac-f8ed-d8a95f81f048,award,d481639a-eea6-57f6-bae0-00982ed95c60,Best Design,90aeecb4-986f-da24-2404-8eae2a87bf62,2015-02-05 22:26:09,2015-02-05 22:26:10
7b9b3723-ae16-ccac-f8ed-d8a95f81f048,award,d481639a-eea6-57f6-bae0-00982ed95c60,Best Design,bcb617c3-9e43-d5b0-1d14-82b795f2642f,2015-02-05 22:26:09,2015-02-05 22:26:10
7b9b3723-ae16-ccac-f8ed-d8a95f81f048,award,d481639a-eea6-57f6-bae0-00982ed95c60,Best Design,c084a104-2e63-4554-bf51-2aabe3e35c41,2015-02-05 22:26:09,2015-02-05 22:26:10
7b9b3723-ae16-ccac-f8ed-d8a95f81f048,award,d481639a-eea6-57f6-bae0-00982ed95c60,Best Design,d2548f6b-d509-34eb-59dc-de5cc53f659d,2015-02-05 22:26:09,2015-02-05 22:26:10
7b9b3723-ae16-ccac-f8ed-d8a95f81f048,award,d481639a-eea6-57f6-bae0-00982ed95c60,Best Design,da058026-e503-4498-7663-c77a5a645f2c,2015-02-05 22:26:09,2015-02-05 22:26:10
7b9b3723-ae16-ccac-f8ed-d8a95f81f048,award,e4dac9ec-1d0f-f24c-a70f-adcb7fd37b89,Biggest Social Impact,5954fa4d-fdc0-b4ef-a03f-70314d04ff5d,2015-02-05 22:42:37,2015-02-05 22:42:39
7b9b3723-ae16-ccac-f8ed-d8a95f81f048,award,e4dac9ec-1d0f-f24c-a70f-adcb7fd37b89,Biggest Social Impact,5da6106f-0d27-0d37-e9d7-dcfeccc1f709,2015-02-05 22:42:37,2015-02-05 22:42:39
7b9b3723-ae16-ccac-f8ed-d8a95f81f048,award,e4dac9ec-1d0f-f24c-a70f-adcb7fd37b89,Biggest Social Impact,a0807d11-a951-57ec-4e67-101e33460ca8,2015-02-05 22:42:37,2015-02-05 22:42:39
7b9b3723-ae16-ccac-f8ed-d8a95f81f048,award,e4dac9ec-1d0f-f24c-a70f-adcb7fd37b89,Biggest Social Impact,b3b721ad-502e-a7be-c762-01b4bc172dec,2015-02-05 22:42:37,2015-02-05 22:42:39
7b9b3723-ae16-ccac-f8ed-d8a95f81f048,award,e4dac9ec-1d0f-f24c-a70f-adcb7fd37b89,Biggest Social Impact,e53fad55-f0a6-584b-4396-804499b36712,2015-02-05 22:42:37,2015-02-05 22:42:39
7b9b3723-ae16-ccac-f8ed-d8a95f81f048,award,ed16c9ad-1b32-fbe7-e899-2391abc4bb57,Founder of the Year,077e118b-17e2-f217-33bb-ce6ed1d24880,2015-02-05 22:58:30,2015-02-05 22:58:32
7b9b3723-ae16-ccac-f8ed-d8a95f81f048,award,ed16c9ad-1b32-fbe7-e899-2391abc4bb57,Founder of the Year,3c294ebb-b42a-9f8e-5052-b32fc9041f4e,2015-02-05 22:58:30,2015-02-05 22:58:32
7b9b3723-ae16-ccac-f8ed-d8a95f81f048,award,ed16c9ad-1b32-fbe7-e899-2391abc4bb57,Founder of the Year,4d9daaf7-7bea-6fbe-bd78-1c2ab4b72736,2015-02-05 22:58:30,2015-02-05 22:58:32
7b9b3723-ae16-ccac-f8ed-d8a95f81f048,award,ed16c9ad-1b32-fbe7-e899-2391abc4bb57,Founder of the Year,66669a75-8b5c-e1f5-9e0f-25ddf6227ac3,2015-02-05 22:58:30,2015-02-05 22:58:32
7b9b3723-ae16-ccac-f8ed-d8a95f81f048,award,ed16c9ad-1b32-fbe7-e899-2391abc4bb57,Founder of the Year,6cea8bad-201a-4d0a-86e9-54054bc31dd4,2015-02-05 22:58:30,2015-02-05 22:58:32
7b9b3723-ae16-ccac-f8ed-d8a95f81f048,award,ed16c9ad-1b32-fbe7-e899-2391abc4bb57,Founder of the Year,70a39a04-e309-444e-45b4-16ff13037c34,2015-02-05 22:58:30,2015-02-05 22:58:32
7b9b3723-ae16-ccac-f8ed-d8a95f81f048,award,ed16c9ad-1b32-fbe7-e899-2391abc4bb57,Founder of the Year,9d6776f6-45d4-cf4c-8246-f2f03f100f2d,2015-02-05 22:58:30,2015-02-05 22:58:32
7b9b3723-ae16-ccac-f8ed-d8a95f81f048,award,ed16c9ad-1b32-fbe7-e899-2391abc4bb57,Founder of the Year,b7ccd4d5-152d-0e87-48fa-00122cc7565a,2015-02-05 22:58:30,2015-02-05 22:58:32
7b9b3723-ae16-ccac-f8ed-d8a95f81f048,award,ed16c9ad-1b32-fbe7-e899-2391abc4bb57,Founder of the Year,cf8ca897-3875-9a87-8488-551685974ede,2015-02-05 22:58:30,2015-02-05 22:58:32
7b9b3723-ae16-ccac-f8ed-d8a95f81f048,award,ed16c9ad-1b32-fbe7-e899-2391abc4bb57,Founder of the Year,f9c96c90-5bb4-6ba0-bd38-04823b1d5b08,2015-02-05 22:58:30,2015-02-05 22:58:32
7b9b3723-ae16-ccac-f8ed-d8a95f81f048,award,ed9e4045-676b-bae5-1793-4772725b817c,Fastest-Rising Startup,0954d5cd-96d1-9017-901a-0b28284f06f7,2015-02-05 21:29:33,2015-02-05 21:29:35
7b9b3723-ae16-ccac-f8ed-d8a95f81f048,award,ed9e4045-676b-bae5-1793-4772725b817c,Fastest-Rising Startup,38def6ff-b459-c4a3-bd8e-1299d6e509ec,2015-02-05 21:29:33,2015-02-05 21:29:35
7b9b3723-ae16-ccac-f8ed-d8a95f81f048,award,ed9e4045-676b-bae5-1793-4772725b817c,Fastest-Rising Startup,3ba05ea3-6404-e347-57cb-8ebba13630ab,2015-02-05 21:29:33,2015-02-05 21:29:35
7b9b3723-ae16-ccac-f8ed-d8a95f81f048,award,ed9e4045-676b-bae5-1793-4772725b817c,Fastest-Rising Startup,6a2859a6-e096-926a-ee81-871ccbd16da8,2015-02-05 21:29:33,2015-02-05 21:29:35
7b9b3723-ae16-ccac-f8ed-d8a95f81f048,award,ed9e4045-676b-bae5-1793-4772725b817c,Fastest-Rising Startup,ac9ce2f6-47a1-8d6e-514e-49f7737b86fd,2015-02-05 21:29:33,2015-02-05 21:29:35
7b9b3723-ae16-ccac-f8ed-d8a95f81f048,award,f2f39836-4878-8ab5-2091-1927d566d3dd,Best Education Startup,4ddbfe0a-f3f9-9227-634a-163ed847a4f8,2015-02-05 22:38:45,2015-02-05 22:38:46
7b9b3723-ae16-ccac-f8ed-d8a95f81f048,award,f2f39836-4878-8ab5-2091-1927d566d3dd,Best Education Startup,6e821933-1168-1ca7-6cce-8cd2ccf1220e,2015-02-05 22:38:45,2015-02-05 22:38:46
7b9b3723-ae16-ccac-f8ed-d8a95f81f048,award,f2f39836-4878-8ab5-2091-1927d566d3dd,Best Education Startup,79968c05-2a35-4f6c-c594-802bc683a860,2015-02-05 22:38:45,2015-02-05 22:38:46
7b9b3723-ae16-ccac-f8ed-d8a95f81f048,award,f2f39836-4878-8ab5-2091-1927d566d3dd,Best Education Startup,e3e962e2-d8bd-c2fb-8144-03bc7a9fa37e,2015-02-05 22:38:45,2015-02-05 22:38:46
7b9b3723-ae16-ccac-f8ed-d8a95f81f048,award,f2f39836-4878-8ab5-2091-1927d566d3dd,Best Education Startup,edefafa8-5b4d-45cb-717e-f60dc5f8a616,2015-02-05 22:38:45,2015-02-05 22:38:46
7b9b3723-ae16-ccac-f8ed-d8a95f81f048,award,fbee80a9-45d8-15ae-2d47-18e4cb5bc21b,Best Mobile Application,3ba05ea3-6404-e347-57cb-8ebba13630ab,2015-02-05 22:59:52,2015-02-05 22:59:53
7b9b3723-ae16-ccac-f8ed-d8a95f81f048,award,fbee80a9-45d8-15ae-2d47-18e4cb5bc21b,Best Mobile Application,916693b6-1588-fdb6-26d3-99abbae3cce6,2015-02-05 22:59:52,2015-02-05 22:59:53
7b9b3723-ae16-ccac-f8ed-d8a95f81f048,award,fbee80a9-45d8-15ae-2d47-18e4cb5bc21b,Best Mobile Application,9c836952-e326-73d6-83c7-826de57ed78c,2015-02-05 22:59:52,2015-02-05 22:59:53
7b9b3723-ae16-ccac-f8ed-d8a95f81f048,award,fbee80a9-45d8-15ae-2d47-18e4cb5bc21b,Best Mobile Application,bb7a8b66-ed95-39a6-57b6-d11d959c3ce0,2015-02-05 22:59:52,2015-02-05 22:59:53
7b9b3723-ae16-ccac-f8ed-d8a95f81f048,award,fbee80a9-45d8-15ae-2d47-18e4cb5bc21b,Best Mobile Application,e8499ac5-4fc5-a3fb-2106-dce0d7d3c98c,2015-02-05 22:59:52,2015-02-05 22:59:53
7f9266b6-c1bb-54c0-217d-ddebd9d86e02,award,3f86b07d-9762-ffd5-cea2-2341d7932bb8,PITCH,ac19e397-59fc-0420-5ee2-0fb4d3b1b758,2016-03-09 16:31:06.681177,2016-03-09 16:31:06.680872
8bc946ba-b178-4982-ca19-9a750f972e6a,award,f7308898-2fb1-a39a-c8e4-52e40548ea53,Seattle Meet-Up Best Startup,623f6290-ca8d-d2bd-ebf5-d0f4022b656b,2016-09-14 01:20:51.83939,2016-09-14 01:20:51.839091
99507ebb-5e7d-7b47-b60b-7c9524dc4d82,award,925e8619-363a-8925-8706-520de9d68851,AT&T M2X Accelerator Challenge,44ce1f4c-0a5e-152d-0e75-d530e86ea118,2015-04-26 23:24:48,2015-04-26 23:24:49
999ec4e6-500e-fa28-5837-a398e0976549,award,f9ff9c8a-37dc-8b4f-3764-a7022af98fe8,Spiffy Awards,0a49651b-2b99-a0be-bf76-cc0fe3f1b8ae,2016-03-14 20:40:41.742815,2016-03-14 20:40:41.742419
999ec4e6-500e-fa28-5837-a398e0976549,award,f9ff9c8a-37dc-8b4f-3764-a7022af98fe8,Spiffy Awards,130c9e52-9c0a-7415-6f24-df3bb0edfd5f,2016-03-14 20:40:41.742815,2016-03-14 20:40:41.742419
999ec4e6-500e-fa28-5837-a398e0976549,award,f9ff9c8a-37dc-8b4f-3764-a7022af98fe8,Spiffy Awards,1666d18c-136f-12bf-76c4-d096de9d919d,2016-03-14 20:40:41.742815,2016-03-14 20:40:41.742419
999ec4e6-500e-fa28-5837-a398e0976549,award,f9ff9c8a-37dc-8b4f-3764-a7022af98fe8,Spiffy Awards,16cd2ab5-86f7-b33f-cbed-dd0d634c738d,2016-03-14 20:40:41.742815,2016-03-14 20:40:41.742419
999ec4e6-500e-fa28-5837-a398e0976549,award,f9ff9c8a-37dc-8b4f-3764-a7022af98fe8,Spiffy Awards,1c53024e-e378-a6a8-3355-367ff3b6d3ae,2016-03-14 20:40:41.742815,2016-03-14 20:40:41.742419
999ec4e6-500e-fa28-5837-a398e0976549,award,f9ff9c8a-37dc-8b4f-3764-a7022af98fe8,Spiffy Awards,1dc1199a-ebc0-f3dd-5d3e-a2ce9732be0b,2016-03-14 20:40:41.742815,2016-03-14 20:40:41.742419
999ec4e6-500e-fa28-5837-a398e0976549,award,f9ff9c8a-37dc-8b4f-3764-a7022af98fe8,Spiffy Awards,395d023b-b80d-2bc9-e3b2-830a163b5631,2016-03-14 20:40:41.742815,2016-03-14 20:40:41.742419
999ec4e6-500e-fa28-5837-a398e0976549,award,f9ff9c8a-37dc-8b4f-3764-a7022af98fe8,Spiffy Awards,3f58a207-46b6-7302-dca8-7349bb8def17,2016-03-14 20:40:41.742815,2016-03-14 20:40:41.742419
999ec4e6-500e-fa28-5837-a398e0976549,award,f9ff9c8a-37dc-8b4f-3764-a7022af98fe8,Spiffy Awards,40925009-24b9-0365-9540-2790c221a75c,2016-03-14 20:40:41.742815,2016-03-14 20:40:41.742419
999ec4e6-500e-fa28-5837-a398e0976549,award,f9ff9c8a-37dc-8b4f-3764-a7022af98fe8,Spiffy Awards,43652ae7-67c6-3312-d26f-78522486eae8,2016-03-14 20:40:41.742815,2016-03-14 20:40:41.742419
999ec4e6-500e-fa28-5837-a398e0976549,award,f9ff9c8a-37dc-8b4f-3764-a7022af98fe8,Spiffy Awards,4ad78879-6c1c-b380-e620-2c974e573a7e,2016-03-14 20:40:41.742815,2016-03-14 20:40:41.742419
999ec4e6-500e-fa28-5837-a398e0976549,award,f9ff9c8a-37dc-8b4f-3764-a7022af98fe8,Spiffy Awards,4c7def2a-cdf3-542a-9531-912eabb57f4e,2016-03-14 20:40:41.742815,2016-03-14 20:40:41.742419
999ec4e6-500e-fa28-5837-a398e0976549,award,f9ff9c8a-37dc-8b4f-3764-a7022af98fe8,Spiffy Awards,53533c39-9c71-6ef7-920c-06a33d70333f,2016-03-14 20:40:41.742815,2016-03-14 20:40:41.742419
999ec4e6-500e-fa28-5837-a398e0976549,award,f9ff9c8a-37dc-8b4f-3764-a7022af98fe8,Spiffy Awards,5a07f0a9-2594-d579-247b-44afce9a6e59,2016-03-14 20:40:41.742815,2016-03-14 20:40:41.742419
999ec4e6-500e-fa28-5837-a398e0976549,award,f9ff9c8a-37dc-8b4f-3764-a7022af98fe8,Spiffy Awards,62f2e164-a70e-6739-2985-c3b74cd8eb99,2016-03-14 20:40:41.742815,2016-03-14 20:40:41.742419
999ec4e6-500e-fa28-5837-a398e0976549,award,f9ff9c8a-37dc-8b4f-3764-a7022af98fe8,Spiffy Awards,732d750b-2c9f-4172-9c1d-6c1f633789d3,2016-03-14 20:40:41.742815,2016-03-14 20:40:41.742419
999ec4e6-500e-fa28-5837-a398e0976549,award,f9ff9c8a-37dc-8b4f-3764-a7022af98fe8,Spiffy Awards,7b9b38f7-a933-2742-0651-a149caa7984f,2016-03-14 20:40:41.742815,2016-03-14 20:40:41.742419
999ec4e6-500e-fa28-5837-a398e0976549,award,f9ff9c8a-37dc-8b4f-3764-a7022af98fe8,Spiffy Awards,7f175d5a-be9f-b10c-3ef5-df2765261198,2016-03-14 20:40:41.742815,2016-03-14 20:40:41.742419
999ec4e6-500e-fa28-5837-a398e0976549,award,f9ff9c8a-37dc-8b4f-3764-a7022af98fe8,Spiffy Awards,87185d47-39a5-80a1-56ef-a8cfbd837367,2016-03-14 20:40:41.742815,2016-03-14 20:40:41.742419
999ec4e6-500e-fa28-5837-a398e0976549,award,f9ff9c8a-37dc-8b4f-3764-a7022af98fe8,Spiffy Awards,9d602779-1fce-8be8-9a42-9c1c37c1f8bc,2016-03-14 20:40:41.742815,2016-03-14 20:40:41.742419
999ec4e6-500e-fa28-5837-a398e0976549,award,f9ff9c8a-37dc-8b4f-3764-a7022af98fe8,Spiffy Awards,a0807d11-a951-57ec-4e67-101e33460ca8,2016-03-14 20:40:41.742815,2016-03-14 20:40:41.742419
999ec4e6-500e-fa28-5837-a398e0976549,award,f9ff9c8a-37dc-8b4f-3764-a7022af98fe8,Spiffy Awards,ae6fe18c-d7ec-b96b-9b09-2a9e864a6e28,2016-03-14 20:40:41.742815,2016-03-14 20:40:41.742419
999ec4e6-500e-fa28-5837-a398e0976549,award,f9ff9c8a-37dc-8b4f-3764-a7022af98fe8,Spiffy Awards,d570e1e9-a15a-cf59-e334-f514b000108d,2016-03-14 20:40:41.742815,2016-03-14 20:40:41.742419
999ec4e6-500e-fa28-5837-a398e0976549,award,f9ff9c8a-37dc-8b4f-3764-a7022af98fe8,Spiffy Awards,d709d189-06b1-25d7-8a2a-c735b0975f6c,2016-03-14 20:40:41.742815,2016-03-14 20:40:41.742419
999ec4e6-500e-fa28-5837-a398e0976549,award,f9ff9c8a-37dc-8b4f-3764-a7022af98fe8,Spiffy Awards,d7b95d1f-69b5-3ea8-59be-a77af4fdc863,2016-03-14 20:40:41.742815,2016-03-14 20:40:41.742419
999ec4e6-500e-fa28-5837-a398e0976549,award,f9ff9c8a-37dc-8b4f-3764-a7022af98fe8,Spiffy Awards,dbc64bcb-5c02-3562-bfb6-6a17e9fcdadb,2016-03-14 20:40:41.742815,2016-03-14 20:40:41.742419
999ec4e6-500e-fa28-5837-a398e0976549,award,f9ff9c8a-37dc-8b4f-3764-a7022af98fe8,Spiffy Awards,df8646a4-eeb2-eb6d-bd33-ad979f9e1cc1,2016-03-14 20:40:41.742815,2016-03-14 20:40:41.742419
999ec4e6-500e-fa28-5837-a398e0976549,award,f9ff9c8a-37dc-8b4f-3764-a7022af98fe8,Spiffy Awards,e4be65bd-7272-ca9b-96bb-155a9410b687,2016-03-14 20:40:41.742815,2016-03-14 20:40:41.742419
999ec4e6-500e-fa28-5837-a398e0976549,award,f9ff9c8a-37dc-8b4f-3764-a7022af98fe8,Spiffy Awards,fb063576-60ce-93bc-2249-7ff01033e0a4,2016-03-14 20:40:41.742815,2016-03-14 20:40:41.742419
999ec4e6-500e-fa28-5837-a398e0976549,award,f9ff9c8a-37dc-8b4f-3764-a7022af98fe8,Spiffy Awards,fc5194f8-f955-4eaa-cac3-fdfad33bb422,2016-03-14 20:40:41.742815,2016-03-14 20:40:41.742419
9a43d6ca-1b97-4e55-6602-553ed94ca957,award,b2d8e08a-de27-ffc3-8c82-84a347d23545,Ideator December Challenge,18eb58b2-fe2f-7183-c32f-f12bbacc9954,2015-12-16 18:59:18.918247,2015-12-16 18:59:18.91792
9a43d6ca-1b97-4e55-6602-553ed94ca957,award,b2d8e08a-de27-ffc3-8c82-84a347d23545,Ideator December Challenge,2bec91dc-086a-d038-5284-b6b65681d81a,2015-12-16 18:59:18.918247,2015-12-16 18:59:18.91792
9a43d6ca-1b97-4e55-6602-553ed94ca957,award,b2d8e08a-de27-ffc3-8c82-84a347d23545,Ideator December Challenge,7397c3c5-964f-047c-c7c5-cbf0e938c97d,2015-12-16 18:59:18.918247,2015-12-16 18:59:18.91792
9a43d6ca-1b97-4e55-6602-553ed94ca957,award,b2d8e08a-de27-ffc3-8c82-84a347d23545,Ideator December Challenge,762e26eb-e2e9-cb01-08af-dc4608e3c1e0,2015-12-16 18:59:18.918247,2015-12-16 18:59:18.91792
9a43d6ca-1b97-4e55-6602-553ed94ca957,award,b2d8e08a-de27-ffc3-8c82-84a347d23545,Ideator December Challenge,b23fc204-0fee-0368-84b8-505bb91f43e4,2015-12-16 18:59:18.918247,2015-12-16 18:59:18.91792
9cd08282-4b31-2fc9-5f9c-0cf7d1e5073b,award,aa4f912d-a534-6c95-32b3-a10bfb65004e,Techcrunch Tel Aviv Meetup 2016 Pitchoff Winner,1ac85d09-3af8-e282-8c0c-1f827d3af7a0,2016-06-23 20:17:46.851792,2016-06-23 20:17:46.851316
9cd08282-4b31-2fc9-5f9c-0cf7d1e5073b,award,aa4f912d-a534-6c95-32b3-a10bfb65004e,Techcrunch Tel Aviv Meetup 2016 Pitchoff Winner,33fc193d-17a6-a21c-790c-2a6de63401db,2016-06-23 20:17:46.851792,2016-06-23 20:17:46.851316
9cd08282-4b31-2fc9-5f9c-0cf7d1e5073b,award,aa4f912d-a534-6c95-32b3-a10bfb65004e,Techcrunch Tel Aviv Meetup 2016 Pitchoff Winner,5b0e2005-7381-e409-1eea-20fca2dbdcc6,2016-06-23 20:17:46.851792,2016-06-23 20:17:46.851316
9d81b402-a053-26ce-86d1-52a31e93ae29,award,327e7420-7916-84e9-46ed-fa8372df93b4,Audience Choice Award,a7b7b7f7-d959-f870-e81f-4a35ac10a925,2016-04-15 16:11:34.90409,2016-04-15 16:11:34.90373
9f24a105-a2de-ff02-6285-0f970ec25f63,award,0ea62019-a201-1ff0-8e4f-f356c570142a,Best B2B Award,87d4d720-99e7-2882-25b8-395e1835132f,2015-03-19 05:08:35,2015-03-19 05:08:36
9f24a105-a2de-ff02-6285-0f970ec25f63,award,1083ad42-b581-9025-18be-97386beca31a,Hackathon Winner,6eb1b2b0-c3df-94e5-064c-08ce2e7ad6a8,2015-03-19 05:04:39,2015-03-19 05:04:40
9f24a105-a2de-ff02-6285-0f970ec25f63,award,498d1abe-ee12-1129-e078-2b33a697479d,International Startup Award,c9ea493c-5842-c735-691c-a6336d1aca06,2015-03-19 05:38:34,2015-03-19 05:38:35
9f24a105-a2de-ff02-6285-0f970ec25f63,award,51cd0189-64f9-ef41-84c5-b27f42eb5a9d,LAUNCH FESTIVAL 2015 BEST OVERALL WINNER,c8582335-460a-3b7a-a117-d81519bd562d,2015-03-19 04:50:05,2015-03-19 04:50:06
9f24a105-a2de-ff02-6285-0f970ec25f63,award,5a862240-e2e3-d2d3-1efa-c140a7497fa8,Social Impact Award,b2d30585-3036-e24a-ee21-66e51088645a,2015-03-19 05:12:19,2015-03-19 05:12:20
9f24a105-a2de-ff02-6285-0f970ec25f63,award,8eeb1fe8-c00e-441e-6720-cc7de7f1425b,Diamond in the Rough Award,67813b75-8642-c2fc-d4a2-f6d5cdf70867,2015-03-19 05:39:40,2015-03-19 05:39:41
9f24a105-a2de-ff02-6285-0f970ec25f63,award,9ebf1d38-e6e5-bbfa-1394-031573f5a9d5,Best Design Award,644bab36-1f46-190f-3ac1-5008e0ccd292,2015-03-19 05:37:38,2015-03-19 05:37:38
9f24a105-a2de-ff02-6285-0f970ec25f63,award,a9df31e4-357f-1c76-c652-0b7244ee31b7,Demo Pit Winner,19f0cc13-04f6-6ad9-cb2c-fd66f6d7907b,2015-03-19 05:06:51,2015-03-19 05:06:52
9f24a105-a2de-ff02-6285-0f970ec25f63,award,b3df9c1d-7f9e-b90c-8adc-fdf2453f71e6,Incubator Winner,569f1628-eced-4ee4-7ad1-8d942c1409b7,2015-03-19 04:52:08,2015-03-19 04:52:08
9f24a105-a2de-ff02-6285-0f970ec25f63,award,c67efcdf-7a97-ee52-a877-7ef1c96d71d7,Best 2.0 Award,7e1e2046-4f52-35f5-444d-8be791aa844a,2015-03-19 05:05:45,2015-03-19 05:05:46
9f24a105-a2de-ff02-6285-0f970ec25f63,award,da9774ed-6738-7be3-14b8-450d245918cb,Best Hardware Award,ec54a922-cef1-8e1d-a01e-4fa32eeb52d9,2015-03-19 05:26:40,2015-03-19 05:26:40
a19dc707-f6a6-0478-a6b4-96d453521272,award,4c38be95-9f4c-b687-abcb-db78a703c3a4,Tech.Co's Startup of the Year 2016,073dc90d-316b-c003-9b1d-5fd880af26b3,2016-08-26 00:17:49.495213,2016-08-26 00:17:49.494906
a19dc707-f6a6-0478-a6b4-96d453521272,award,4c38be95-9f4c-b687-abcb-db78a703c3a4,Tech.Co's Startup of the Year 2016,12adfb4a-0ae2-d515-9a71-c313cd9ef690,2016-08-26 00:17:49.495213,2016-08-26 00:17:49.494906
a19dc707-f6a6-0478-a6b4-96d453521272,award,4c38be95-9f4c-b687-abcb-db78a703c3a4,Tech.Co's Startup of the Year 2016,139b3d7f-ff38-5f8e-b3d4-628d5d84c173,2016-08-26 00:17:49.495213,2016-08-26 00:17:49.494906
a19dc707-f6a6-0478-a6b4-96d453521272,award,4c38be95-9f4c-b687-abcb-db78a703c3a4,Tech.Co's Startup of the Year 2016,142850de-3f47-c2a1-2d9c-3346b06d4f2c,2016-08-26 00:17:49.495213,2016-08-26 00:17:49.494906
a19dc707-f6a6-0478-a6b4-96d453521272,award,4c38be95-9f4c-b687-abcb-db78a703c3a4,Tech.Co's Startup of the Year 2016,192d4b6e-ae7b-0819-b483-7edad26ec643,2016-08-26 00:17:49.495213,2016-08-26 00:17:49.494906
a19dc707-f6a6-0478-a6b4-96d453521272,award,4c38be95-9f4c-b687-abcb-db78a703c3a4,Tech.Co's Startup of the Year 2016,1bec6a6f-41ec-5940-539a-73527832a332,2016-08-26 00:17:49.495213,2016-08-26 00:17:49.494906
a19dc707-f6a6-0478-a6b4-96d453521272,award,4c38be95-9f4c-b687-abcb-db78a703c3a4,Tech.Co's Startup of the Year 2016,1c9b818a-17a8-2ab5-95d6-e1688cefc5dc,2016-08-26 00:17:49.495213,2016-08-26 00:17:49.494906
a19dc707-f6a6-0478-a6b4-96d453521272,award,4c38be95-9f4c-b687-abcb-db78a703c3a4,Tech.Co's Startup of the Year 2016,48f4d965-9563-f301-9c02-4f7a9184c0fe,2016-08-26 00:17:49.495213,2016-08-26 00:17:49.494906
a19dc707-f6a6-0478-a6b4-96d453521272,award,4c38be95-9f4c-b687-abcb-db78a703c3a4,Tech.Co's Startup of the Year 2016,4ee45309-c885-f75e-7544-9099afc5267f,2016-08-26 00:17:49.495213,2016-08-26 00:17:49.494906
a19dc707-f6a6-0478-a6b4-96d453521272,award,4c38be95-9f4c-b687-abcb-db78a703c3a4,Tech.Co's Startup of the Year 2016,4f4d8227-83fa-b3fb-0810-ca41dc7a1422,2016-08-26 00:17:49.495213,2016-08-26 00:17:49.494906
a19dc707-f6a6-0478-a6b4-96d453521272,award,4c38be95-9f4c-b687-abcb-db78a703c3a4,Tech.Co's Startup of the Year 2016,5944cb18-3005-a4ad-3f5b-4a405bc6c17c,2016-08-26 00:17:49.495213,2016-08-26 00:17:49.494906
a19dc707-f6a6-0478-a6b4-96d453521272,award,4c38be95-9f4c-b687-abcb-db78a703c3a4,Tech.Co's Startup of the Year 2016,60bbbcee-a666-d6bf-1ce3-eded184ad46b,2016-08-26 00:17:49.495213,2016-08-26 00:17:49.494906
a19dc707-f6a6-0478-a6b4-96d453521272,award,4c38be95-9f4c-b687-abcb-db78a703c3a4,Tech.Co's Startup of the Year 2016,6535e5ce-acbc-6180-1a0a-4df7950fed16,2016-08-26 00:17:49.495213,2016-08-26 00:17:49.494906
a19dc707-f6a6-0478-a6b4-96d453521272,award,4c38be95-9f4c-b687-abcb-db78a703c3a4,Tech.Co's Startup of the Year 2016,6b11c343-bdf6-8322-c76b-51d5d14e80eb,2016-08-26 00:17:49.495213,2016-08-26 00:17:49.494906
a19dc707-f6a6-0478-a6b4-96d453521272,award,4c38be95-9f4c-b687-abcb-db78a703c3a4,Tech.Co's Startup of the Year 2016,6bc35512-01e7-e189-f648-7736d8f9bbb8,2016-08-26 00:17:49.495213,2016-08-26 00:17:49.494906
a19dc707-f6a6-0478-a6b4-96d453521272,award,4c38be95-9f4c-b687-abcb-db78a703c3a4,Tech.Co's Startup of the Year 2016,70b0978a-06eb-adb3-c03c-ca64723bb9c3,2016-08-26 00:17:49.495213,2016-08-26 00:17:49.494906
a19dc707-f6a6-0478-a6b4-96d453521272,award,4c38be95-9f4c-b687-abcb-db78a703c3a4,Tech.Co's Startup of the Year 2016,7533fa53-a03e-89dd-a305-6c604a06f64a,2016-08-26 00:17:49.495213,2016-08-26 00:17:49.494906
a19dc707-f6a6-0478-a6b4-96d453521272,award,4c38be95-9f4c-b687-abcb-db78a703c3a4,Tech.Co's Startup of the Year 2016,7d329659-2913-5366-ff4b-0644091f4b73,2016-08-26 00:17:49.495213,2016-08-26 00:17:49.494906
a19dc707-f6a6-0478-a6b4-96d453521272,award,4c38be95-9f4c-b687-abcb-db78a703c3a4,Tech.Co's Startup of the Year 2016,88869859-229e-0704-138d-f3e6af83323f,2016-08-26 00:17:49.495213,2016-08-26 00:17:49.494906
a19dc707-f6a6-0478-a6b4-96d453521272,award,4c38be95-9f4c-b687-abcb-db78a703c3a4,Tech.Co's Startup of the Year 2016,8a24806a-8192-6d04-5050-6a78ad24a01b,2016-08-26 00:17:49.495213,2016-08-26 00:17:49.494906
a19dc707-f6a6-0478-a6b4-96d453521272,award,4c38be95-9f4c-b687-abcb-db78a703c3a4,Tech.Co's Startup of the Year 2016,9242f12a-85db-70ef-f458-c700025e0638,2016-08-26 00:17:49.495213,2016-08-26 00:17:49.494906
a19dc707-f6a6-0478-a6b4-96d453521272,award,4c38be95-9f4c-b687-abcb-db78a703c3a4,Tech.Co's Startup of the Year 2016,ab5fdc75-39cd-94e3-e9d1-ed2a7673b017,2016-08-26 00:17:49.495213,2016-08-26 00:17:49.494906
a19dc707-f6a6-0478-a6b4-96d453521272,award,4c38be95-9f4c-b687-abcb-db78a703c3a4,Tech.Co's Startup of the Year 2016,b3ab249c-d181-cd7e-3da5-074ff3cce5e6,2016-08-26 00:17:49.495213,2016-08-26 00:17:49.494906
a19dc707-f6a6-0478-a6b4-96d453521272,award,4c38be95-9f4c-b687-abcb-db78a703c3a4,Tech.Co's Startup of the Year 2016,c384037b-8cfa-f4d8-6392-da7df0a126c5,2016-08-26 00:17:49.495213,2016-08-26 00:17:49.494906
a19dc707-f6a6-0478-a6b4-96d453521272,award,4c38be95-9f4c-b687-abcb-db78a703c3a4,Tech.Co's Startup of the Year 2016,ce254f72-9dde-09c4-761c-04d9755d1fe2,2016-08-26 00:17:49.495213,2016-08-26 00:17:49.494906
a19dc707-f6a6-0478-a6b4-96d453521272,award,4c38be95-9f4c-b687-abcb-db78a703c3a4,Tech.Co's Startup of the Year 2016,cfa16570-4569-41d6-b62b-54892f268f0e,2016-08-26 00:17:49.495213,2016-08-26 00:17:49.494906
a19dc707-f6a6-0478-a6b4-96d453521272,award,4c38be95-9f4c-b687-abcb-db78a703c3a4,Tech.Co's Startup of the Year 2016,d68f1890-ddd0-f53a-7cdb-3149fb2d6221,2016-08-26 00:17:49.495213,2016-08-26 00:17:49.494906
a19dc707-f6a6-0478-a6b4-96d453521272,award,4c38be95-9f4c-b687-abcb-db78a703c3a4,Tech.Co's Startup of the Year 2016,f757aa27-720e-d3b1-e813-269d77435a4f,2016-08-26 00:17:49.495213,2016-08-26 00:17:49.494906
a19dc707-f6a6-0478-a6b4-96d453521272,award,4c38be95-9f4c-b687-abcb-db78a703c3a4,Tech.Co's Startup of the Year 2016,f9e0ce13-da3a-a8c1-6409-7f4ada3432ce,2016-08-26 00:17:49.495213,2016-08-26 00:17:49.494906
a75b0a86-2713-f0ee-4845-eccd8b059bc9,award,7a276386-896d-5502-c7e8-36f2ebe0bb35,Passionate CEO with a vision to reclaim human privacy,47fc53ff-3455-fa28-83e4-3d9333372d58,2015-11-17 17:37:36.706731,2015-11-17 17:37:36.706406
ae8773a3-aea7-d969-af1d-153df689f990,award,5f72bed5-9ac5-9fd4-5b67-52829baf660d,Health & Wellness 2016,5c9f8e36-cdba-bce7-05cc-af245cabed50,2016-10-10 15:55:06.668775,2016-10-10 15:55:06.668213
b2f21a91-faad-e76d-5b5c-04ca14e99055,award,04b6562a-a1c3-6625-83d9-aa822f865bd8,Deal of the Year (Healthcare),416361c1-aa7c-8fce-1ab1-5d03b0f433bc,2015-04-04 18:00:19,2015-04-04 18:00:20
b2f21a91-faad-e76d-5b5c-04ca14e99055,award,04b6562a-a1c3-6625-83d9-aa822f865bd8,Deal of the Year (Healthcare),47c22265-a50b-9e64-8999-1a70acace7de,2015-04-04 18:00:19,2015-04-04 18:00:20
b2f21a91-faad-e76d-5b5c-04ca14e99055,award,04b6562a-a1c3-6625-83d9-aa822f865bd8,Deal of the Year (Healthcare),86f83ef9-d65d-8cb1-0ac1-6b874ed42d5c,2015-04-04 18:00:19,2015-04-04 18:00:20
b2f21a91-faad-e76d-5b5c-04ca14e99055,award,04b6562a-a1c3-6625-83d9-aa822f865bd8,Deal of the Year (Healthcare),b887ed5f-3c65-f807-078d-7f8fc6eb91e0,2015-04-04 18:00:19,2015-04-04 18:00:20
b2f21a91-faad-e76d-5b5c-04ca14e99055,award,3fcacda9-3a8f-387d-a0a1-8a7f6fbe8b85,Hottest Startup: A+ (Tech),1bc78c1f-7d51-d151-7c3b-a5d3905aacd1,2015-04-04 17:42:04,2015-04-04 17:42:05
b2f21a91-faad-e76d-5b5c-04ca14e99055,award,3fcacda9-3a8f-387d-a0a1-8a7f6fbe8b85,Hottest Startup: A+ (Tech),31fe8041-2a9d-a55c-457e-36b3c138d283,2015-04-04 17:42:04,2015-04-04 17:42:05
b2f21a91-faad-e76d-5b5c-04ca14e99055,award,3fcacda9-3a8f-387d-a0a1-8a7f6fbe8b85,Hottest Startup: A+ (Tech),4557ecd0-4857-c69b-c419-d75c3e7044f3,2015-04-04 17:42:04,2015-04-04 17:42:05
b2f21a91-faad-e76d-5b5c-04ca14e99055,award,3fcacda9-3a8f-387d-a0a1-8a7f6fbe8b85,Hottest Startup: A+ (Tech),6c4affe2-32e4-5502-3e6c-15ceb74d2529,2015-04-04 17:42:04,2015-04-04 17:42:05
b2f21a91-faad-e76d-5b5c-04ca14e99055,award,3fcacda9-3a8f-387d-a0a1-8a7f6fbe8b85,Hottest Startup: A+ (Tech),6ec9d8aa-6502-229d-3e06-f9bab917301d,2015-04-04 17:42:04,2015-04-04 17:42:05
b2f21a91-faad-e76d-5b5c-04ca14e99055,award,3fcacda9-3a8f-387d-a0a1-8a7f6fbe8b85,Hottest Startup: A+ (Tech),fb9f82b2-0f62-81a5-9ce8-67adc170a71c,2015-04-04 17:42:04,2015-04-04 17:42:05
b2f21a91-faad-e76d-5b5c-04ca14e99055,award,68289276-1ab2-0d40-fe72-3c289203d03d,Rising Star VC (Tech),31eda777-d2df-4063-85ed-ca7472c25857,2015-04-04 17:47:44,2015-04-04 17:47:45
b2f21a91-faad-e76d-5b5c-04ca14e99055,award,68289276-1ab2-0d40-fe72-3c289203d03d,Rising Star VC (Tech),54dd9c0c-d3b3-af64-b1e0-06e6f13dbfaa,2015-04-04 17:47:44,2015-04-04 17:47:45
b2f21a91-faad-e76d-5b5c-04ca14e99055,award,68289276-1ab2-0d40-fe72-3c289203d03d,Rising Star VC (Tech),97f86a79-ff2d-1193-c28e-4f8aa27c9404,2015-04-04 17:47:44,2015-04-04 17:47:45
b2f21a91-faad-e76d-5b5c-04ca14e99055,award,68289276-1ab2-0d40-fe72-3c289203d03d,Rising Star VC (Tech),c8aa43d7-df76-5891-1dea-99d709539e19,2015-04-04 17:47:44,2015-04-04 17:47:45
b2f21a91-faad-e76d-5b5c-04ca14e99055,award,71b448da-270c-f85c-a6f7-c6607683c8ae,Rising Star VC (Healthcare),2dbc1a64-c653-c849-e04b-de10757e8298,2015-04-04 17:59:50,2015-04-04 17:59:51
b2f21a91-faad-e76d-5b5c-04ca14e99055,award,71b448da-270c-f85c-a6f7-c6607683c8ae,Rising Star VC (Healthcare),3c00e42b-619c-ff0a-e993-da59a3741702,2015-04-04 17:59:50,2015-04-04 17:59:51
b2f21a91-faad-e76d-5b5c-04ca14e99055,award,71b448da-270c-f85c-a6f7-c6607683c8ae,Rising Star VC (Healthcare),8318d77d-e1e3-4863-e4e5-8058f93b0923,2015-04-04 17:59:50,2015-04-04 17:59:51
b2f21a91-faad-e76d-5b5c-04ca14e99055,award,71b448da-270c-f85c-a6f7-c6607683c8ae,Rising Star VC (Healthcare),e76652dd-1e66-68ed-9a09-75932986dead,2015-04-04 17:59:50,2015-04-04 17:59:51
b2f21a91-faad-e76d-5b5c-04ca14e99055,award,71b448da-270c-f85c-a6f7-c6607683c8ae,Rising Star VC (Healthcare),e7bf6d7c-e3df-df70-2ee3-00c48554b784,2015-04-04 17:59:50,2015-04-04 17:59:51
b2f21a91-faad-e76d-5b5c-04ca14e99055,award,71b448da-270c-f85c-a6f7-c6607683c8ae,Rising Star VC (Healthcare),fc45f271-4ba2-ad5e-2fb3-f94fd9e7c75a,2015-04-04 17:59:50,2015-04-04 17:59:51
b2f21a91-faad-e76d-5b5c-04ca14e99055,award,9088088f-2f6a-ce06-6262-f8d446b0c693,Fund of the Year (Tech),0e09f1a3-ab17-d2d6-80a4-4425f38e4078,2015-04-04 17:53:29,2015-04-04 17:53:30
b2f21a91-faad-e76d-5b5c-04ca14e99055,award,9088088f-2f6a-ce06-6262-f8d446b0c693,Fund of the Year (Tech),1316d39d-2b00-a0d6-8982-d1bda3787fcc,2015-04-04 17:53:29,2015-04-04 17:53:30
b2f21a91-faad-e76d-5b5c-04ca14e99055,award,9088088f-2f6a-ce06-6262-f8d446b0c693,Fund of the Year (Tech),18019029-7c3e-8476-c4f3-9216298db9e1,2015-04-04 17:53:29,2015-04-04 17:53:30
b2f21a91-faad-e76d-5b5c-04ca14e99055,award,9088088f-2f6a-ce06-6262-f8d446b0c693,Fund of the Year (Tech),34a9bb66-0984-8de0-e7fb-13e976b4a135,2015-04-04 17:53:29,2015-04-04 17:53:30
b2f21a91-faad-e76d-5b5c-04ca14e99055,award,9088088f-2f6a-ce06-6262-f8d446b0c693,Fund of the Year (Tech),6b43c7ec-5898-0866-af46-494775acb00f,2015-04-04 17:53:29,2015-04-04 17:53:30
b2f21a91-faad-e76d-5b5c-04ca14e99055,award,9088088f-2f6a-ce06-6262-f8d446b0c693,Fund of the Year (Tech),b51ff078-c9d9-9f51-681d-4f9ac888e070,2015-04-04 17:53:29,2015-04-04 17:53:30
b2f21a91-faad-e76d-5b5c-04ca14e99055,award,a3343963-b255-9e8d-39a2-e9c9d2452d10,Rising Star Entrepreneur (Healthcare),12d0790f-c23a-6055-4757-d2bc17f420c5,2015-04-04 17:58:01,2015-04-04 17:58:02
b2f21a91-faad-e76d-5b5c-04ca14e99055,award,a3343963-b255-9e8d-39a2-e9c9d2452d10,Rising Star Entrepreneur (Healthcare),6baaae79-a497-011d-a395-9ccf0c5dfa4d,2015-04-04 17:58:01,2015-04-04 17:58:02
b2f21a91-faad-e76d-5b5c-04ca14e99055,award,a3343963-b255-9e8d-39a2-e9c9d2452d10,Rising Star Entrepreneur (Healthcare),7be5f63e-473c-e38d-9ee1-cccde46dcf56,2015-04-04 17:58:01,2015-04-04 17:58:02
b2f21a91-faad-e76d-5b5c-04ca14e99055,award,a3343963-b255-9e8d-39a2-e9c9d2452d10,Rising Star Entrepreneur (Healthcare),bba9cdc1-8723-99ba-6ca6-9306a632ef8e,2015-04-04 17:58:01,2015-04-04 17:58:02
b2f21a91-faad-e76d-5b5c-04ca14e99055,award,a8977239-17e6-3c51-6739-4095659de640,Entrepreneur of the Year (Healthcare),231a04ec-6f17-ec6c-9a25-79a7c4bfd701,2015-04-04 18:04:04,2015-04-04 18:04:05
b2f21a91-faad-e76d-5b5c-04ca14e99055,award,a8977239-17e6-3c51-6739-4095659de640,Entrepreneur of the Year (Healthcare),6576246a-f26d-900d-9728-e006ceb7a670,2015-04-04 18:04:04,2015-04-04 18:04:05
b2f21a91-faad-e76d-5b5c-04ca14e99055,award,a8977239-17e6-3c51-6739-4095659de640,Entrepreneur of the Year (Healthcare),bbf91225-d2e3-3e46-a4df-38084ed8834c,2015-04-04 18:04:04,2015-04-04 18:04:05
b2f21a91-faad-e76d-5b5c-04ca14e99055,award,a8977239-17e6-3c51-6739-4095659de640,Entrepreneur of the Year (Healthcare),c1fcb2b2-65db-5f5c-6f50-3160780a1645,2015-04-04 18:04:04,2015-04-04 18:04:05
b2f21a91-faad-e76d-5b5c-04ca14e99055,award,a8977239-17e6-3c51-6739-4095659de640,Entrepreneur of the Year (Healthcare),d5cd1875-7a95-4044-aac1-7447b9c5c572,2015-04-04 18:04:04,2015-04-04 18:04:05
b2f21a91-faad-e76d-5b5c-04ca14e99055,award,c6d57f25-946f-9f90-e897-76288076a569,Next Unicorn (Tech),7aa5a499-72b0-b3e2-f491-c0293ddd269e,2015-04-04 17:43:13,2015-04-04 17:43:14
b2f21a91-faad-e76d-5b5c-04ca14e99055,award,c6d57f25-946f-9f90-e897-76288076a569,Next Unicorn (Tech),8e3a72ba-b0af-f535-615e-477ce5ba119e,2015-04-04 17:43:13,2015-04-04 17:43:14
b2f21a91-faad-e76d-5b5c-04ca14e99055,award,c6d57f25-946f-9f90-e897-76288076a569,Next Unicorn (Tech),b1a96c89-447b-ae8a-118c-bb9324f81cb9,2015-04-04 17:43:13,2015-04-04 17:43:14
b2f21a91-faad-e76d-5b5c-04ca14e99055,award,c6d57f25-946f-9f90-e897-76288076a569,Next Unicorn (Tech),b61a9986-0ae3-f9ec-2fba-0d5371432b69,2015-04-04 17:43:13,2015-04-04 17:43:14
b2f21a91-faad-e76d-5b5c-04ca14e99055,award,c6d57f25-946f-9f90-e897-76288076a569,Next Unicorn (Tech),d005b000-c951-0593-5d49-016ad25c7513,2015-04-04 17:43:13,2015-04-04 17:43:14
b2f21a91-faad-e76d-5b5c-04ca14e99055,award,c6d57f25-946f-9f90-e897-76288076a569,Next Unicorn (Tech),ef598b5b-d588-c21f-9b93-be78443f4e22,2015-04-04 17:43:13,2015-04-04 17:43:14
b2f21a91-faad-e76d-5b5c-04ca14e99055,award,da24e03d-f1ad-54c9-592a-5b9c750b5352,Angel of the Year (Tech),1f54d726-502a-cf68-bb0c-8292123f8037,2015-04-04 17:49:52,2015-04-04 17:49:53
b2f21a91-faad-e76d-5b5c-04ca14e99055,award,da24e03d-f1ad-54c9-592a-5b9c750b5352,Angel of the Year (Tech),2bcb5152-8a78-3cc1-fd81-e76bc052ecf6,2015-04-04 17:49:52,2015-04-04 17:49:53
b2f21a91-faad-e76d-5b5c-04ca14e99055,award,da24e03d-f1ad-54c9-592a-5b9c750b5352,Angel of the Year (Tech),715afb05-cff1-a15b-62b4-8f7dc130f0e9,2015-04-04 17:49:52,2015-04-04 17:49:53
b2f21a91-faad-e76d-5b5c-04ca14e99055,award,da24e03d-f1ad-54c9-592a-5b9c750b5352,Angel of the Year (Tech),90b45ce6-13ce-15f1-e876-3bccb7acb7ff,2015-04-04 17:49:52,2015-04-04 17:49:53
b2f21a91-faad-e76d-5b5c-04ca14e99055,award,da24e03d-f1ad-54c9-592a-5b9c750b5352,Angel of the Year (Tech),979639ec-2a05-b0a2-7553-74712dae4686,2015-04-04 17:49:52,2015-04-04 17:49:53
b2f21a91-faad-e76d-5b5c-04ca14e99055,award,da24e03d-f1ad-54c9-592a-5b9c750b5352,Angel of the Year (Tech),b185f9e8-0c2b-fe7d-bf0c-604da2db503e,2015-04-04 17:49:52,2015-04-04 17:49:53
b2f21a91-faad-e76d-5b5c-04ca14e99055,award,da24e03d-f1ad-54c9-592a-5b9c750b5352,Angel of the Year (Tech),c5dc0157-6b7b-d4c1-dc11-903484ee54ff,2015-04-04 17:49:52,2015-04-04 17:49:53
b2f21a91-faad-e76d-5b5c-04ca14e99055,award,e1c11f18-c9e0-f294-bc29-dd9a131ec15d,Hottest Startup: Seed (Tech),119bc267-f229-3ee2-5387-ae9e365c0083,2015-04-04 17:40:48,2015-04-04 17:40:49
b2f21a91-faad-e76d-5b5c-04ca14e99055,award,e1c11f18-c9e0-f294-bc29-dd9a131ec15d,Hottest Startup: Seed (Tech),4447ccfe-311d-3487-06c5-427bfb7b2df5,2015-04-04 17:40:48,2015-04-04 17:40:49
b2f21a91-faad-e76d-5b5c-04ca14e99055,award,e1c11f18-c9e0-f294-bc29-dd9a131ec15d,Hottest Startup: Seed (Tech),6f7f994d-7cdf-8ddf-56e6-f3d0fd44cc0b,2015-04-04 17:40:48,2015-04-04 17:40:49
b2f21a91-faad-e76d-5b5c-04ca14e99055,award,e1c11f18-c9e0-f294-bc29-dd9a131ec15d,Hottest Startup: Seed (Tech),a90c3545-7fd3-2d35-eec2-b0cda6ac89c6,2015-04-04 17:40:48,2015-04-04 17:40:49
b2f21a91-faad-e76d-5b5c-04ca14e99055,award,f9204885-bf59-1407-4171-fc0aaf8dd0f8,Exit of the Year (Tech),46ff310e-5e06-f626-f6b2-80f055fbc5d4,2015-04-04 17:54:09,2015-04-04 17:54:10
b2f21a91-faad-e76d-5b5c-04ca14e99055,award,f9204885-bf59-1407-4171-fc0aaf8dd0f8,Exit of the Year (Tech),9a9bc749-457b-270a-8bbb-d3d771254be3,2015-04-04 17:54:09,2015-04-04 17:54:10
b2f21a91-faad-e76d-5b5c-04ca14e99055,award,f9204885-bf59-1407-4171-fc0aaf8dd0f8,Exit of the Year (Tech),e5c495b8-48a7-6b1d-5595-cf4b90862258,2015-04-04 17:54:09,2015-04-04 17:54:10
b2f21a91-faad-e76d-5b5c-04ca14e99055,award,f9204885-bf59-1407-4171-fc0aaf8dd0f8,Exit of the Year (Tech),f40992a4-4b6c-a8ea-aff9-aa99fcda5bb1,2015-04-04 17:54:09,2015-04-04 17:54:10
b2f21a91-faad-e76d-5b5c-04ca14e99055,award,f94ff424-19db-9a93-74e7-3c35428d452a,Rising Star Entrepreneur (Tech),28d0e837-32b2-1be4-d548-ee7b2ff3b25c,2015-04-04 17:51:35,2015-04-04 17:51:36
b2f21a91-faad-e76d-5b5c-04ca14e99055,award,f94ff424-19db-9a93-74e7-3c35428d452a,Rising Star Entrepreneur (Tech),397c2a75-3d94-f675-08d8-6d13ed53e93b,2015-04-04 17:51:35,2015-04-04 17:51:36
b2f21a91-faad-e76d-5b5c-04ca14e99055,award,f94ff424-19db-9a93-74e7-3c35428d452a,Rising Star Entrepreneur (Tech),4109671d-5563-a6e0-c650-c4d75b29cef4,2015-04-04 17:51:35,2015-04-04 17:51:36
b2f21a91-faad-e76d-5b5c-04ca14e99055,award,f94ff424-19db-9a93-74e7-3c35428d452a,Rising Star Entrepreneur (Tech),715afb05-cff1-a15b-62b4-8f7dc130f0e9,2015-04-04 17:51:35,2015-04-04 17:51:36
b2f21a91-faad-e76d-5b5c-04ca14e99055,award,fcad0198-f9a2-0a16-b4f5-09e6fc74459d,Hottest Startup (Healthcare),41228e17-5b75-b823-6d84-41f9e19ffffd,2015-04-04 17:57:05,2015-04-04 17:57:06
b2f21a91-faad-e76d-5b5c-04ca14e99055,award,fcad0198-f9a2-0a16-b4f5-09e6fc74459d,Hottest Startup (Healthcare),86f83ef9-d65d-8cb1-0ac1-6b874ed42d5c,2015-04-04 17:57:05,2015-04-04 17:57:06
b2f21a91-faad-e76d-5b5c-04ca14e99055,award,fcad0198-f9a2-0a16-b4f5-09e6fc74459d,Hottest Startup (Healthcare),9422cda1-067a-501d-a68d-f5acd4a7ff20,2015-04-04 17:57:05,2015-04-04 17:57:06
b2f21a91-faad-e76d-5b5c-04ca14e99055,award,fcad0198-f9a2-0a16-b4f5-09e6fc74459d,Hottest Startup (Healthcare),9831ba66-66e3-89a8-6adc-44d5b4d7e808,2015-04-04 17:57:05,2015-04-04 17:57:06
b2f21a91-faad-e76d-5b5c-04ca14e99055,award,fcad0198-f9a2-0a16-b4f5-09e6fc74459d,Hottest Startup (Healthcare),eadfabff-64ef-bc75-aa14-ebc6d06e9918,2015-04-04 17:57:05,2015-04-04 17:57:06
b35bbbac-c4d5-e127-d2c1-53e4672c05ce,award,ca920ca9-5b50-1b42-f150-b80842cdb6a6,PITCH,56054ac7-e1f9-5bb1-eda2-105fdebf8461,2016-03-09 16:39:41.161488,2016-03-09 16:39:41.161173
b4eefbb4-140d-76fa-6ee6-6b57e9953144,award,4d54e8ac-7259-d3e2-17b4-2eec5142ad2f,Case law analytics Challenge,67277e6d-04cc-4319-6aa5-6313a3702cda,2016-10-03 20:38:07.72405,2016-10-03 20:38:07.723504
b4eefbb4-140d-76fa-6ee6-6b57e9953144,award,faa2a23f-8d71-ae28-37df-dd34b5365969,Publicis90: Best Startup,2248f7de-0426-2a77-fdc2-c6b36e8d45f9,2016-07-01 18:47:19.206298,2016-07-01 18:47:19.205929
b54b28c3-ab1d-6abb-1ddf-bdddb3c926c8,award,dba1ccd6-d8d5-928b-2608-451f3e90a762,Sevan Startup Battle Winner,9b3139fa-dbfc-eaad-c52d-fae105a9c066,2016-08-22 18:17:33.715912,2016-08-22 18:17:33.71539
b7bdfc6e-6ee7-1549-6701-83c72d9d3424,award,0710b9ab-0611-529f-4b18-3f8a71fee175,Most Contributing Attendee,9249e8b6-409a-a80c-1a1e-29ae21b1db47,2015-11-24 19:54:57.859926,2015-11-24 19:54:57.85948
b7bdfc6e-6ee7-1549-6701-83c72d9d3424,award,707d29d5-d9d6-ed48-cb5b-66628affd655,Best Emerging Technology Solution in IoT,f1b8f8b5-5bc3-9e52-c339-43151d90a133,2015-11-24 19:57:00.660228,2015-11-24 19:57:00.659912
b7bdfc6e-6ee7-1549-6701-83c72d9d3424,award,c44948cd-df69-38ed-7de4-3299cb72bb59,Best Case Study Presentation,79a70686-2cb2-c44a-6cab-5d58f2d07059,2015-11-24 19:58:05.500111,2015-11-24 19:58:05.499582
c11d66da-4aa3-4a9c-1f57-20494f18c3bc,award,3113f6f5-6755-9eec-a22b-f305a926f18e,Winner of Innovation Sandbox,d618ad05-dd98-729b-f68e-649b09164d1b,2015-04-21 15:17:00,2015-04-21 15:17:01
c5a59847-1211-94e6-eaa9-0a494eee4af6,award,fdc0cb51-f8e4-c9f3-0db3-995b60207257,TechCrunch Disrupt Battlefield London 2015,18a2aedd-c904-0fa0-d655-e3832196b4c2,2015-12-07 16:43:29.674654,2015-12-07 16:43:29.674344
c5a59847-1211-94e6-eaa9-0a494eee4af6,award,fdc0cb51-f8e4-c9f3-0db3-995b60207257,TechCrunch Disrupt Battlefield London 2015,2ace882e-be92-679e-7d5a-159895caf57a,2015-12-07 16:43:29.674654,2015-12-07 16:43:29.674344
c5a59847-1211-94e6-eaa9-0a494eee4af6,award,fdc0cb51-f8e4-c9f3-0db3-995b60207257,TechCrunch Disrupt Battlefield London 2015,2b68b6ea-3cf7-086e-bf45-950aa2dd3d0c,2015-12-07 16:43:29.674654,2015-12-07 16:43:29.674344
c5a59847-1211-94e6-eaa9-0a494eee4af6,award,fdc0cb51-f8e4-c9f3-0db3-995b60207257,TechCrunch Disrupt Battlefield London 2015,5acfe28d-7fda-3e29-49b3-6de198e9014e,2015-12-07 16:43:29.674654,2015-12-07 16:43:29.674344
c5a59847-1211-94e6-eaa9-0a494eee4af6,award,fdc0cb51-f8e4-c9f3-0db3-995b60207257,TechCrunch Disrupt Battlefield London 2015,64d911d8-c5df-05e4-ad9e-f0f906148fc8,2015-12-07 16:43:29.674654,2015-12-07 16:43:29.674344
c5a59847-1211-94e6-eaa9-0a494eee4af6,award,fdc0cb51-f8e4-c9f3-0db3-995b60207257,TechCrunch Disrupt Battlefield London 2015,8b8a71b4-6732-bde0-f66d-588caafb4795,2015-12-07 16:43:29.674654,2015-12-07 16:43:29.674344
c5a59847-1211-94e6-eaa9-0a494eee4af6,award,fdc0cb51-f8e4-c9f3-0db3-995b60207257,TechCrunch Disrupt Battlefield London 2015,98054b08-72e1-44a6-138a-0d82c2562883,2015-12-07 16:43:29.674654,2015-12-07 16:43:29.674344
c5a59847-1211-94e6-eaa9-0a494eee4af6,award,fdc0cb51-f8e4-c9f3-0db3-995b60207257,TechCrunch Disrupt Battlefield London 2015,b49bbb77-19d9-aa3b-cc8a-36542a222f8c,2015-12-07 16:43:29.674654,2015-12-07 16:43:29.674344
c5a59847-1211-94e6-eaa9-0a494eee4af6,award,fdc0cb51-f8e4-c9f3-0db3-995b60207257,TechCrunch Disrupt Battlefield London 2015,c66839dc-667c-1c2f-469f-02e894646107,2015-12-07 16:43:29.674654,2015-12-07 16:43:29.674344
c5a59847-1211-94e6-eaa9-0a494eee4af6,award,fdc0cb51-f8e4-c9f3-0db3-995b60207257,TechCrunch Disrupt Battlefield London 2015,cff03353-2d8a-3d0e-bbe0-e0accdaa2bf2,2015-12-07 16:43:29.674654,2015-12-07 16:43:29.674344
c5a59847-1211-94e6-eaa9-0a494eee4af6,award,fdc0cb51-f8e4-c9f3-0db3-995b60207257,TechCrunch Disrupt Battlefield London 2015,d1a8c15a-2850-d98a-bda3-4423adb9373f,2015-12-07 16:43:29.674654,2015-12-07 16:43:29.674344
c5a59847-1211-94e6-eaa9-0a494eee4af6,award,fdc0cb51-f8e4-c9f3-0db3-995b60207257,TechCrunch Disrupt Battlefield London 2015,e432a204-7223-f7fe-b631-e776fa282884,2015-12-07 16:43:29.674654,2015-12-07 16:43:29.674344
c5a59847-1211-94e6-eaa9-0a494eee4af6,award,fdc0cb51-f8e4-c9f3-0db3-995b60207257,TechCrunch Disrupt Battlefield London 2015,e98ed808-e0be-96ba-3149-0bb706a27276,2015-12-07 16:43:29.674654,2015-12-07 16:43:29.674344
c5a59847-1211-94e6-eaa9-0a494eee4af6,award,fdc0cb51-f8e4-c9f3-0db3-995b60207257,TechCrunch Disrupt Battlefield London 2015,f16869c5-e2f5-cfa8-85fa-43adffeabd1f,2015-12-07 16:43:29.674654,2015-12-07 16:43:29.674344
c5a59847-1211-94e6-eaa9-0a494eee4af6,award,fdc0cb51-f8e4-c9f3-0db3-995b60207257,TechCrunch Disrupt Battlefield London 2015,fc539085-9c89-a614-0bd5-4cedfa32a508,2015-12-07 16:43:29.674654,2015-12-07 16:43:29.674344
c89e3759-727c-ecd7-be5c-446e22b73383,award,48e4f723-923a-5e7b-1304-b373bb335acb,Startup PITCH Competition,dbb85f74-a13d-99ae-458d-8c71141e93b0,2016-07-11 10:01:46.729713,2016-07-11 10:01:46.729174
cb67f021-d437-b172-5a3f-e0aa0dc89ad6,award,9c5a690d-2dd3-ed15-8d55-da7e2b3645c1,Red Herring 100 North America 2016 Award,df519b81-5351-fd05-e067-791dcf620a6f,2016-08-10 17:59:34.075916,2016-08-10 17:59:34.0756
eac765a3-aa23-73a1-fc38-5f6f5ce1f013,award,08b263ec-81be-63c6-c50d-0c5191d52eae,Lydia Vareljan Leadership Award,bac3d5c3-70aa-1375-7e05-fda92172924d,2015-05-18 22:33:37,2015-05-18 22:33:38
f9ad837c-8dee-0749-078c-320c8b7fb5ae,award,27905796-d2c1-8415-f7d7-2c768a1d9354,Best Overall Mobile & Wireless Solution,c13fc3f5-6944-d73a-5ffe-b458060dac4e,2015-11-24 18:44:54.269039,2015-11-24 18:44:54.268728
f9ad837c-8dee-0749-078c-320c8b7fb5ae,award,42be8f8f-ac48-b3fe-5073-a11c71421989,Most Contributing Attendee,5c81e5f3-50b2-7829-a536-d27f3944afdd,2015-11-24 18:47:26.863487,2015-11-24 18:47:26.863187
f9ad837c-8dee-0749-078c-320c8b7fb5ae,award,70ab1aaf-3dec-925e-d067-cc2a2a88cc09,Best Emerging Technology Solution,85d41262-3b0f-5d43-0add-b4cb1637e1ff,2015-11-24 18:43:30.487862,2015-11-24 18:43:30.487581
f9ad837c-8dee-0749-078c-320c8b7fb5ae,award,c4c99317-baa7-8328-7d86-c527879e9c8e,Best Sponsor Case Study Presentation,79a70686-2cb2-c44a-6cab-5d58f2d07059,2015-11-24 18:41:32.650005,2015-11-24 18:41:32.649672
fd5fabbc-214e-2d77-4d0b-1c6726d2e6ef,award,2f20772d-e787-88aa-9a9c-c9676c46a788,Most Promising Startup of 2015,1eb37109-3b93-01a9-177f-fee2cb1bfcdc,2015-04-01 05:17:28,2015-04-01 05:17:28
fd5fabbc-214e-2d77-4d0b-1c6726d2e6ef,award,2f20772d-e787-88aa-9a9c-c9676c46a788,Most Promising Startup of 2015,36276b39-cd07-1a93-c9dc-95d2b7787f6b,2015-04-01 05:17:28,2015-04-01 05:17:28
